-- phpMyAdmin SQL Dump
-- version 4.7.9
-- https://www.phpmyadmin.net/
--
-- Host: localhost
-- Generation Time: 2020-07-06 18:17:49
-- 服务器版本： 5.6.48-log
-- PHP Version: 7.2.31

SET SQL_MODE = "NO_AUTO_VALUE_ON_ZERO";
SET AUTOCOMMIT = 0;
START TRANSACTION;
SET time_zone = "+00:00";


/*!40101 SET @OLD_CHARACTER_SET_CLIENT=@@CHARACTER_SET_CLIENT */;
/*!40101 SET @OLD_CHARACTER_SET_RESULTS=@@CHARACTER_SET_RESULTS */;
/*!40101 SET @OLD_COLLATION_CONNECTION=@@COLLATION_CONNECTION */;
/*!40101 SET NAMES utf8mb4 */;

--
-- Database: `clothing`
--

-- --------------------------------------------------------

--
-- 表的结构 `act_banner`
--

CREATE TABLE `act_banner` (
  `id` int(11) NOT NULL,
  `title` varchar(50) DEFAULT NULL COMMENT '标题',
  `img` varchar(500) DEFAULT NULL COMMENT '图片',
  `url` varchar(255) DEFAULT NULL COMMENT '跳转地址',
  `status` tinyint(1) DEFAULT NULL COMMENT '状态（0：启用，1、禁用）',
  `sort` int(10) DEFAULT NULL COMMENT '排序'
) ENGINE=InnoDB DEFAULT CHARSET=utf8 COMMENT='轮播图表';

--
-- 转存表中的数据 `act_banner`
--

INSERT INTO `act_banner` (`id`, `title`, `img`, `url`, `status`, `sort`) VALUES
(1, '图片1', '/uploads/20200606/55059f90bbc8f8880da1fd2e4370bd87.png', '59', 1, 1),
(2, '图片2', '/uploads/20200606/e0b3dca6dcb03fee1742d7dba664bacd.jpeg', '62', 1, 2);

-- --------------------------------------------------------

--
-- 表的结构 `act_collection`
--

CREATE TABLE `act_collection` (
  `id` int(11) NOT NULL,
  `userId` int(11) DEFAULT NULL COMMENT '用户id',
  `serve_id` int(11) DEFAULT NULL COMMENT '服务id',
  `create_time` int(10) DEFAULT NULL COMMENT '添加时间'
) ENGINE=InnoDB DEFAULT CHARSET=utf8 COMMENT='收藏表';

--
-- 转存表中的数据 `act_collection`
--

INSERT INTO `act_collection` (`id`, `userId`, `serve_id`, `create_time`) VALUES
(7, 3, 4, NULL),
(14, 1, 4, 1589804648),
(15, 1, 28, 1589860050),
(16, 1, 1, 1589860089),
(18, 8, 1, 1589869311),
(19, 8, 4, 1589869314),
(20, 8, 5, 1589869318),
(21, 8, 28, 1589869322),
(22, 8, 29, 1589869326),
(23, 8, 30, 1589869329),
(24, 8, 31, 1589869333),
(26, 16, 28, 1589883412),
(28, 17, 28, 1589885415),
(38, 15, 1, 1589966258),
(42, 19, 45, 1589976546),
(45, 20, 35, 1589978652),
(46, 20, 36, 1589978656),
(54, 21, 4, 1590032416),
(56, 22, 36, 1590060981),
(59, 23, 33, 1590386063),
(61, 22, 1, 1590499607),
(62, 17, 4, 1590549592),
(64, 17, 57, 1590978637),
(65, 24, 4, 1591105270),
(67, 24, 58, 1591196034),
(68, 24, 35, 1591196135),
(69, 17, 5, 1591253387),
(71, 22, 58, 1591366343),
(72, 17, 59, 1591405371),
(73, 22, 45, 1591457513),
(74, 22, 62, 1591457584),
(75, 25, 4, 1591800818),
(76, 25, 5, 1591800823),
(77, 5, 59, 1591801382),
(79, 7, 60, 1592123024);

-- --------------------------------------------------------

--
-- 表的结构 `act_join`
--

CREATE TABLE `act_join` (
  `id` int(11) NOT NULL,
  `userId` int(11) NOT NULL,
  `serve_id` int(11) NOT NULL,
  `create_time` int(11) DEFAULT NULL
) ENGINE=InnoDB DEFAULT CHARSET=utf8;

--
-- 转存表中的数据 `act_join`
--

INSERT INTO `act_join` (`id`, `userId`, `serve_id`, `create_time`) VALUES
(1, 1, 2, 1591113807),
(23, 24, 58, 1591195997),
(24, 17, 56, 1591198081);

-- --------------------------------------------------------

--
-- 表的结构 `act_serve`
--

CREATE TABLE `act_serve` (
  `id` int(11) NOT NULL,
  `serve_type_id` varchar(255) DEFAULT NULL COMMENT '所属服务',
  `title` varchar(50) DEFAULT '' COMMENT '服务标题',
  `pic` varchar(255) DEFAULT '' COMMENT '活动图片',
  `begin_time` int(10) DEFAULT NULL COMMENT '开始时间',
  `end_time` int(10) DEFAULT NULL COMMENT '结束时间',
  `see_num` int(10) DEFAULT '0' COMMENT '浏览量',
  `cang_num` int(10) DEFAULT '0' COMMENT '收藏量',
  `pay_mode` tinyint(1) DEFAULT '2' COMMENT '收费方式（2、免费，1、付费）',
  `hold_mode` tinyint(1) DEFAULT '2' COMMENT '举办方式（2、线下，1、线上）',
  `content` text COMMENT '活动内容',
  `organizer` varchar(50) DEFAULT NULL COMMENT '举办方',
  `sort` int(10) DEFAULT '0',
  `is_hot` tinyint(1) DEFAULT '2' COMMENT '是否是热门：1、是，2、否',
  `search_serve_type` varchar(255) DEFAULT NULL COMMENT '用于搜索的服务类型',
  `status` tinyint(1) DEFAULT NULL COMMENT '是否显示',
  `city` varchar(50) DEFAULT NULL COMMENT '城市',
  `address` varchar(255) DEFAULT NULL COMMENT '详细地址',
  `search_city` varchar(255) DEFAULT NULL,
  `url` varchar(500) DEFAULT NULL COMMENT '网址',
  `organ_infor` varchar(500) DEFAULT NULL COMMENT '组织信息',
  `serve_category_id` int(11) DEFAULT NULL COMMENT '类别id',
  `share_img` varchar(255) DEFAULT NULL COMMENT '分享的图片',
  `join_num` int(10) NOT NULL DEFAULT '0' COMMENT '想参加人数'
) ENGINE=InnoDB DEFAULT CHARSET=utf8 COMMENT='服务表';

--
-- 转存表中的数据 `act_serve`
--

INSERT INTO `act_serve` (`id`, `serve_type_id`, `title`, `pic`, `begin_time`, `end_time`, `see_num`, `cang_num`, `pay_mode`, `hold_mode`, `content`, `organizer`, `sort`, `is_hot`, `search_serve_type`, `status`, `city`, `address`, `search_city`, `url`, `organ_infor`, `serve_category_id`, `share_img`, `join_num`) VALUES
(1, '2', '2019 GIS 软件技术大会', '/uploads/20200511/d55e841a1a32ec7b069842d3b66246b1.jpg', 1572397200, 1572600600, 214, 13, 2, 2, '<p><span style=\"font-family: &quot;sim sun&quot;; font-size: 14px; text-indent: 28px; background-color: rgb(255, 255, 255);\">2019年10月30日-11月1日，2019 GIS 软件技术大会将于北京国际会议中心召开。 大会以“地理智慧，深度进化”为主题，将聚焦新技术、新思想、新模式“进化”，与全球多个国家和地区的政府机构、科研院所、高校及企业的领导和专家，分享GIS国际最新技术研究成果与创新应用案例，展开巅峰对话，共同探讨产业发展新趋势。</span></p>', '举办方', 0, 1, 'GIS', 1, '1', '国际会议中心', '北京市', 'http://www.gistc.com/', '主办单位：SuperMap', 8, '/uploads/20200511/d55e841a1a32ec7b069842d3b66246b1.jpg', 0),
(4, '1,2,3,4', '地信大讲堂第十四期：从BIM 到数字孪生：实景三维在城市级基础设施管理中的应用', '/uploads/20200511/394b0d71d08ac61def28db04450144bc.png', 1589954400, 1589963400, 196, 7, 2, 1, '<p style=\"text-align: center;\"><img src=\"https://www.3sworld.com/uploads/ueditor/image/20200511/1589158922793752.jpg\" title=\"1589158922793752.jpg\" alt=\"微信图片_20200511090141.jpg\"/></p>', NULL, 1, 1, '线上,GIS,测绘,遥感', 1, '', '', NULL, '', '主办单位：中国地理信息产业协会', 4, '/uploads/20200511/394b0d71d08ac61def28db04450144bc.png', 0),
(5, '1,3', '地信大讲堂第十三期：新一代的实景三维建模技术整体解决方案', '/uploads/20200511/394b0d71d08ac61def28db04450144bc.png', 1589868000, 1589878800, 103, 4, 2, 1, '<p>为助力疫情防控、促进产业平稳发展，满足广大会员和地信工作者需要，协会自3月起正式开启 “地信大讲堂”，充分发挥协会引领产业发展优势，集聚业内外优质资源，为广大地信工作者提供地理信息技术、成果、案例、企业管理经验等优质课程。协会热诚地欢迎您走进“地信大讲堂”！\n地信大讲堂第十三期为大家带来<strong>“新一代的实景三维建模技术整体解决方案”</strong></p><p style=\"text-align: center;\"><strong><img src=\"https://www.3sworld.com/uploads/ueditor/image/20200511/1589159270168609.png\" title=\"1589159270168609.png\" alt=\"111.png\"/></strong></p>', NULL, 0, 1, '线上,测绘', 1, '', 'aaaa', NULL, '', '主办单位：中国地理信息产业协会，本期支持单位：瞰景科技发展（上海）有限公司', 4, '/uploads/20200511/394b0d71d08ac61def28db04450144bc.png', 0),
(33, '2', '2019年易智瑞用户大会', '/uploads/20200520/2763eb85e1f558f4d1d43aaef590a7a3.png', 1571533200, 1571565600, 53, 2, 2, 2, '<p style=\"text-align: center;\">飞速发展的数字技术正在改变着世界<br/>改变着沟通和思考的方式<br/>每一次大的技术变革都是一次挑战<br/>而地理信息行业的变革才刚刚开始<br/>2019年10月<br/>我们用汇聚全球地理信息领域新思想、新技术、新成果的盛会<br/>与你来一场激情的碰撞<br/>2019年易智瑞用户大会，见人所未见！</p>', NULL, 0, 1, 'GIS', 1, '1', '北京国际会议中心', '北京市', 'http://uc2019.esrichina.com.cn/index.html', '', 2, '/uploads/20200520/2763eb85e1f558f4d1d43aaef590a7a3.png', 0),
(34, '2,3', 'GIS数据处理、制图、空间分析技术', '/uploads/20200520/e00892742bde0c888806a1632700d0e7.png', 1590076800, 1590336000, 30, 1, 2, 2, '<p style=\"box-sizing: border-box; padding: 0px; margin-top: 0px; margin-bottom: 10px; font-family: &quot;PingFang SC&quot;, &quot;Lantinghei SC&quot;, &quot;Helvetica Neue&quot;, Helvetica, Arial, &quot;Microsoft YaHei&quot;, &quot;\\\\5FAE软雅黑&quot;, STHeitiSC-Light, simsun, &quot;\\\\5B8B体&quot;, &quot;WenQuanYi Zen Hei&quot;, &quot;WenQuanYi Micro Hei&quot;, sans-serif; line-height: 30px; color: rgb(51, 51, 51); word-break: break-all; white-space: normal; background-color: rgb(255, 255, 255);\"><span style=\"box-sizing: border-box; padding: 0px; margin: 0px; font-weight: 700;\">一、培训对象：</span><br/>（一）各省(自治区、直辖市)的测绘、规划、林业、水利、地矿、农业、交通、环境监测、气象、海洋、国土管理及信息服务等行业的主管领导和技术骨干。<br/>（二）企事业研究院（所）、大专院校及勘察、勘探、勘测院、所、队的领导与技术骨干。<br/><br/><span style=\"box-sizing: border-box; padding: 0px; margin: 0px; font-weight: 700;\">二、培训时间、地点：</span><br/><span style=\"box-sizing: border-box; padding: 0px; margin: 0px; font-weight: 700;\">2020年05月22日—05月25日（22号全天报到） 河 南 * 郑 州</span></p><p style=\"box-sizing: border-box; padding: 0px; margin-top: 0px; margin-bottom: 10px; font-family: &quot;PingFang SC&quot;, &quot;Lantinghei SC&quot;, &quot;Helvetica Neue&quot;, Helvetica, Arial, &quot;Microsoft YaHei&quot;, &quot;\\\\5FAE软雅黑&quot;, STHeitiSC-Light, simsun, &quot;\\\\5B8B体&quot;, &quot;WenQuanYi Zen Hei&quot;, &quot;WenQuanYi Micro Hei&quot;, sans-serif; line-height: 30px; color: rgb(51, 51, 51); word-break: break-all; white-space: normal; background-color: rgb(255, 255, 255);\"><br/><span style=\"box-sizing: border-box; padding: 0px; margin: 0px; font-weight: 700;\">三、培训收益:</span><br/>快速熟练掌握地理信息系统的各种基本操作、新功能、新技术；<br/>了解空间数据库的有关理论、技术与应用；<br/>提高空间数据库的数据处理、数据建模和数据分析综合运用能力；<br/>提升<a href=\"https://www.huodongjia.com/tag/8505/\" style=\"box-sizing: border-box; padding: 0px; margin: 0px; background-color: transparent; color: rgb(51, 122, 183); text-decoration-line: none;\">GIS</a>系统的设计和应用能力、应用水平和工作效率。<br/><br/><span style=\"box-sizing: border-box; padding: 0px; margin: 0px; font-weight: 700;\">四、课程大纲：</span><br/>第一章、ArcGIS10.5应用基础<br/>第二章、数据检查和拓扑处理<br/>第三章、空间数据交换与格式转换<br/>第四章、影像处理和分析<br/>第五章、专题图快速制作和 打印输出<br/>第六章、数据处理和分析应用<br/>第七章、数据建模<br/>第八章、数字高程、三维制作和应用<br/>第九章、综合分析和应用<br/><br/><span style=\"box-sizing: border-box; padding: 0px; margin: 0px; font-weight: 700;\">五、主讲专家：&nbsp;</span><br/>来自中科院等<a href=\"https://www.huodongjia.com/tag/1304/\" style=\"box-sizing: border-box; padding: 0px; margin: 0px; background-color: transparent; color: rgb(51, 122, 183); text-decoration-line: none;\">科研</a>机构、行业领域内权威专家，参与地理信息系统相关国家“863”“973”重大专项研究，拥有丰富的科研及工程技术经验，具有资深的技术底蕴和专业背景。<br/><br/><span style=\"box-sizing: border-box; padding: 0px; margin: 0px; font-weight: 700;\">六、教学模式</span>：技巧讲解 + 案例演示 + 上机操作 + 疑难解答 + 达标测评。</p><p><br/></p>', NULL, 0, 1, 'GIS,测绘', 1, '152', '中原区', '郑州市', '', '', 4, NULL, 0),
(35, '2,6', '2020无人机+GIS技术在林业生产中的应用培训班（2月西安班）', '/uploads/20200520/ffcd0fda68a0abca196be8720a519f3e.png', 1582678800, 1583056800, 68, 3, 2, 2, '<p><strong>培训对象：</strong></p><p>各林业局资源股、营林股、生态、天保、森防站、防火办及森林公安等领导及技术骨干；各林场、自然保护区、林业调查规划院(队、公司)、林业工作站等领导及技术骨干。</p><p>&nbsp;</p><p><strong>培训时间、地点：</strong></p><p>2020年02月26日—03月01日（26号全天报到） 陕 西 * 西 安</p><p>&nbsp;</p><p><strong>培训收益：</strong></p><ul class=\" list-paddingleft-2\" style=\"list-style-type: disc;\"><li><p>掌握轻小型无人机在林业行业的应用技术；</p></li><li><p>学会林业应用中所需的正射影像、采样点、倾斜摄影采集方法；</p></li><li><p>明晰栅格数据预处理及空间变换和编辑技术；</p></li><li><p>可独立系统化完成林业专题地图制作；</p></li><li><p>了解林业图斑采集流程与方法。</p></li></ul><p>&nbsp;</p><p><strong>主讲专家：</strong></p><p>来自国家林业系统科研机构和获得GIS软件应用国家精品课程的相关林业院校专家以专题讲座、应用演练、案例演示、现场答疑相结合的方式进行授课。</p><p>&nbsp;</p><p><strong>教学模式：</strong></p><p>技巧讲解 + 案例演示 + 上机操作 + 疑难解答 + 达标测评</p><p>&nbsp;</p><p>&nbsp;<strong>增值服务：</strong></p><p>（一）拷贝培训课程数据资料，提高应用练习条件和工作效率；</p><p>（二）加入无人机应用专属交流群，课后与老师，同学在线交流、答疑；</p><p>（三）根据学员需要，可开具培训学时证明或继续教育证盖章；</p><p>请参会学员提前整理好工作中遇到的问题，在上机练习过程中予以解决。</p><h3>（最终日程以会议现场为准）</h3><hr/><p>课程大纲：</p><p>第一部分：轻小型无人机在林业行业的应用&nbsp;</p><p>第二部分：林业应用中所需正射影像、采样点、倾斜摄影采集方法；林业图斑采集流程与方法&nbsp;</p><p>第三部分：无人机正射影像、倾斜摄影采集演示；林业图斑采集流程与方法演示&nbsp;</p><p>第四部分：ArcGIS软件基本操作&nbsp;</p><p>第五部分：无人机影像数据预处理&nbsp;</p><p>第六部分：无人机影像数据地物斑块提取&nbsp;</p><p>第七部分：ArcGIS空间分析&nbsp;</p><p>第八部分：无人机影像数据分类。</p><p>第九部分：无人机监测技术在森林病虫害防治中的应用</p><p><br/></p>', NULL, 0, 1, 'GIS,无人机', 1, '291', '雁塔区', '西安市', '', '', 4, '/uploads/20200520/ffcd0fda68a0abca196be8720a519f3e.png', 0),
(36, '2', '“双评价”GIS技术实战训练营', '/uploads/20200520/c33eefb263195f64f1407099b8e5dbb8.jpg', 1589904000, 1589904000, 47, 3, 2, 2, '<p><img src=\"https://www.3sworld.com/uploads/ueditor/image/20200520/1589962715314757.png\" title=\"1589962715314757.png\" alt=\"1565943384.68.png\"/></p>', NULL, 0, 2, 'GIS', 1, '344', '上海交通大学咖啡博物馆', '上海市', '', '', 4, '/uploads/20200520/c33eefb263195f64f1407099b8e5dbb8.jpg', 0),
(45, '6,3', '2020全球无人机应用及防控大会暨第五届无人机产业博览会', '/uploads/20200521/840b9b77ea9e025791bce8ea22c02f4b.png', 1595984400, 1596189600, 37, 2, 2, 2, '<p>我国无人机系统经过近50余年的发展取得了诸多重大成果，工业无人机研发与产业化不断取得突破，将迎来爆发式发展。全球范围内，工业级无人机需求持续增长，在众多行业中得到了广泛应用，未来，无人机拥有广阔的应用前景，显示出巨大的市场潜力，同时也面临着风险和挑战。无人机系统是高度科学化、高度社会化、高度战略化的高端制造装备，必将引起新一轮工业社会变革。</p><p>近期习主席多次视察无人机企业，对无人机系统展高度重视、寄予厚望，国家工程院 科技部、工信部等有关部门将无人机系统发发展列为“中国制造2025”的重点，开展战 略研究和重点部署，提出发展规划和指导意见，着力整合社会资源，推动我国无人机系 统及相关产业健康有序发展。无人机系统的研制与应用已成为我国经济创新发展的新亮 点和增长点，我国无人机系统正逐渐走上国际舞台，将成为“中国制造”又一张名片。</p><p>在此背景下，中国无人机产业创新联盟将于2020年7月29-31日在北京举办“全球无人机应用及防控大会”。组委会致力于将会、展、赛相结合，打造一场高规格、高水平的无人机产业应用国际盛会，助推国内无人机产业健康、有效发展，加强无人机区域国际交流合作，探索国际无人机产业创新发展之路。</p><p><br/></p><ul class=\" list-paddingleft-2\" style=\"list-style-type: disc;\"><li><p><strong>主办单位：</strong></p><p>中国光学工程学会</p><p><br/></p></li><li><p><strong>承办单位：</strong></p><p>中国无人机产业创新联盟，中国质量认证中心</p><p><br/></p></li><li><p><strong>会议主席：</strong></p><p>龚惠兴院士，姜景山院士，樊邦奎院士，陈志杰院士，刘永坚院士</p></li></ul><p><br/></p>', NULL, 0, 1, '无人机,测绘', 1, '1', '亦创国际会展中心', '北京市', '', '', 4, '/uploads/20200521/840b9b77ea9e025791bce8ea22c02f4b.png', 0),
(46, '2,4', '2020年生态文明新时代下遥感及GIS技术在水资源和水环境领域中的应用实战班', '/uploads/20200521/b7e6a9c2fb303ffbbf2f8a58bc1a295b.png', 1582160400, 1582452000, 12, 0, 2, 2, '<p style=\"box-sizing: border-box; padding: 0px; margin-top: 0px; margin-bottom: 10px; font-family: &quot;PingFang SC&quot;, &quot;Lantinghei SC&quot;, &quot;Helvetica Neue&quot;, Helvetica, Arial, &quot;Microsoft YaHei&quot;, &quot;\\\\5FAE软雅黑&quot;, STHeitiSC-Light, simsun, &quot;\\\\5B8B体&quot;, &quot;WenQuanYi Zen Hei&quot;, &quot;WenQuanYi Micro Hei&quot;, sans-serif; line-height: 30px; color: rgb(51, 51, 51); word-break: break-all; white-space: normal; background-color: rgb(255, 255, 255);\"><span style=\"box-sizing: border-box; padding: 0px; margin: 0px; font-weight: 700;\">培训对象：</span></p><p style=\"box-sizing: border-box; padding: 0px; margin-top: 0px; margin-bottom: 10px; font-family: &quot;PingFang SC&quot;, &quot;Lantinghei SC&quot;, &quot;Helvetica Neue&quot;, Helvetica, Arial, &quot;Microsoft YaHei&quot;, &quot;\\\\5FAE软雅黑&quot;, STHeitiSC-Light, simsun, &quot;\\\\5B8B体&quot;, &quot;WenQuanYi Zen Hei&quot;, &quot;WenQuanYi Micro Hei&quot;, sans-serif; line-height: 30px; color: rgb(51, 51, 51); word-break: break-all; white-space: normal; background-color: rgb(255, 255, 255);\">政府环保系统、高校<a href=\"https://www.huodongjia.com/tag/1304/\" style=\"box-sizing: border-box; padding: 0px; margin: 0px; background-color: transparent; color: rgb(51, 122, 183); text-decoration-line: none;\">科研</a>院所、监测设备商、代理商，环境检测监测机构、运营机构、污染源排污企业、工业园区、相关环保公司、水利水文部门等相关企事业单位领导及技术人员。</p><p style=\"box-sizing: border-box; padding: 0px; margin-top: 0px; margin-bottom: 10px; font-family: &quot;PingFang SC&quot;, &quot;Lantinghei SC&quot;, &quot;Helvetica Neue&quot;, Helvetica, Arial, &quot;Microsoft YaHei&quot;, &quot;\\\\5FAE软雅黑&quot;, STHeitiSC-Light, simsun, &quot;\\\\5B8B体&quot;, &quot;WenQuanYi Zen Hei&quot;, &quot;WenQuanYi Micro Hei&quot;, sans-serif; line-height: 30px; color: rgb(51, 51, 51); word-break: break-all; white-space: normal; background-color: rgb(255, 255, 255);\"><span style=\"box-sizing: border-box; padding: 0px; margin: 0px; font-weight: 700;\">培训时间、地点：</span></p><p style=\"box-sizing: border-box; padding: 0px; margin-top: 0px; margin-bottom: 10px; font-family: &quot;PingFang SC&quot;, &quot;Lantinghei SC&quot;, &quot;Helvetica Neue&quot;, Helvetica, Arial, &quot;Microsoft YaHei&quot;, &quot;\\\\5FAE软雅黑&quot;, STHeitiSC-Light, simsun, &quot;\\\\5B8B体&quot;, &quot;WenQuanYi Zen Hei&quot;, &quot;WenQuanYi Micro Hei&quot;, sans-serif; line-height: 30px; color: rgb(51, 51, 51); word-break: break-all; white-space: normal; background-color: rgb(255, 255, 255);\">2020年02月20日—02月23日（20日全天报到） 广 东 * 广 州</p><p style=\"box-sizing: border-box; padding: 0px; margin-top: 0px; margin-bottom: 10px; font-family: &quot;PingFang SC&quot;, &quot;Lantinghei SC&quot;, &quot;Helvetica Neue&quot;, Helvetica, Arial, &quot;Microsoft YaHei&quot;, &quot;\\\\5FAE软雅黑&quot;, STHeitiSC-Light, simsun, &quot;\\\\5B8B体&quot;, &quot;WenQuanYi Zen Hei&quot;, &quot;WenQuanYi Micro Hei&quot;, sans-serif; line-height: 30px; color: rgb(51, 51, 51); word-break: break-all; white-space: normal; background-color: rgb(255, 255, 255);\"><span style=\"box-sizing: border-box; padding: 0px; margin: 0px; font-weight: 700;\">培训收益:</span></p><ol class=\" list-paddingleft-2\" style=\"list-style-type: decimal;\"><li><p style=\"box-sizing: border-box; padding: 0px; margin-top: 0px; margin-bottom: 10px; font-family: &quot;PingFang SC&quot;, &quot;Lantinghei SC&quot;, &quot;Helvetica Neue&quot;, Helvetica, Arial, &quot;Microsoft YaHei&quot;, &quot;\\\\5FAE软雅黑&quot;, STHeitiSC-Light, simsun, &quot;\\\\5B8B体&quot;, &quot;WenQuanYi Zen Hei&quot;, &quot;WenQuanYi Micro Hei&quot;, sans-serif; line-height: 30px; color: rgb(51, 51, 51); word-break: break-all; white-space: normal; background-color: rgb(255, 255, 255);\">&nbsp; 掌握水体及其污染要素（水体、水草、水华、绿潮、溢油）提取方法；</p></li><li><p style=\"box-sizing: border-box; padding: 0px; margin-top: 0px; margin-bottom: 10px; font-family: &quot;PingFang SC&quot;, &quot;Lantinghei SC&quot;, &quot;Helvetica Neue&quot;, Helvetica, Arial, &quot;Microsoft YaHei&quot;, &quot;\\\\5FAE软雅黑&quot;, STHeitiSC-Light, simsun, &quot;\\\\5B8B体&quot;, &quot;WenQuanYi Zen Hei&quot;, &quot;WenQuanYi Micro Hei&quot;, sans-serif; line-height: 30px; color: rgb(51, 51, 51); word-break: break-all; white-space: normal; background-color: rgb(255, 255, 255);\">&nbsp; 学习水质参数反演技术方法；</p></li><li><p style=\"box-sizing: border-box; padding: 0px; margin-top: 0px; margin-bottom: 10px; font-family: &quot;PingFang SC&quot;, &quot;Lantinghei SC&quot;, &quot;Helvetica Neue&quot;, Helvetica, Arial, &quot;Microsoft YaHei&quot;, &quot;\\\\5FAE软雅黑&quot;, STHeitiSC-Light, simsun, &quot;\\\\5B8B体&quot;, &quot;WenQuanYi Zen Hei&quot;, &quot;WenQuanYi Micro Hei&quot;, sans-serif; line-height: 30px; color: rgb(51, 51, 51); word-break: break-all; white-space: normal; background-color: rgb(255, 255, 255);\">&nbsp; 明晰我国高分系列卫星在水环境<a href=\"https://www.huodongjia.com/tag/7715/\" style=\"box-sizing: border-box; padding: 0px; margin: 0px; background-color: transparent; color: rgb(51, 122, 183); text-decoration-line: none;\">遥感</a>中的应用；</p></li><li><p style=\"box-sizing: border-box; padding: 0px; margin-top: 0px; margin-bottom: 10px; font-family: &quot;PingFang SC&quot;, &quot;Lantinghei SC&quot;, &quot;Helvetica Neue&quot;, Helvetica, Arial, &quot;Microsoft YaHei&quot;, &quot;\\\\5FAE软雅黑&quot;, STHeitiSC-Light, simsun, &quot;\\\\5B8B体&quot;, &quot;WenQuanYi Zen Hei&quot;, &quot;WenQuanYi Micro Hei&quot;, sans-serif; line-height: 30px; color: rgb(51, 51, 51); word-break: break-all; white-space: normal; background-color: rgb(255, 255, 255);\">&nbsp; 掌握<a href=\"https://www.huodongjia.com/tag/8505/\" style=\"box-sizing: border-box; padding: 0px; margin: 0px; background-color: transparent; color: rgb(51, 122, 183); text-decoration-line: none;\">GIS</a>河道划界分析及数据采集方法；</p></li><li><p style=\"box-sizing: border-box; padding: 0px; margin-top: 0px; margin-bottom: 10px; font-family: &quot;PingFang SC&quot;, &quot;Lantinghei SC&quot;, &quot;Helvetica Neue&quot;, Helvetica, Arial, &quot;Microsoft YaHei&quot;, &quot;\\\\5FAE软雅黑&quot;, STHeitiSC-Light, simsun, &quot;\\\\5B8B体&quot;, &quot;WenQuanYi Zen Hei&quot;, &quot;WenQuanYi Micro Hei&quot;, sans-serif; line-height: 30px; color: rgb(51, 51, 51); word-break: break-all; white-space: normal; background-color: rgb(255, 255, 255);\">&nbsp; 把握GIS专题图制作及发布方法。</p></li></ol><p style=\"box-sizing: border-box; padding: 0px; margin-top: 0px; margin-bottom: 10px; font-family: &quot;PingFang SC&quot;, &quot;Lantinghei SC&quot;, &quot;Helvetica Neue&quot;, Helvetica, Arial, &quot;Microsoft YaHei&quot;, &quot;\\\\5FAE软雅黑&quot;, STHeitiSC-Light, simsun, &quot;\\\\5B8B体&quot;, &quot;WenQuanYi Zen Hei&quot;, &quot;WenQuanYi Micro Hei&quot;, sans-serif; line-height: 30px; color: rgb(51, 51, 51); word-break: break-all; white-space: normal; background-color: rgb(255, 255, 255);\">教学模式：技巧讲解 + 案例演示 + 疑难解答 + 达标测评。&nbsp;</p><p style=\"box-sizing: border-box; padding: 0px; margin-top: 0px; margin-bottom: 10px; font-family: &quot;PingFang SC&quot;, &quot;Lantinghei SC&quot;, &quot;Helvetica Neue&quot;, Helvetica, Arial, &quot;Microsoft YaHei&quot;, &quot;\\\\5FAE软雅黑&quot;, STHeitiSC-Light, simsun, &quot;\\\\5B8B体&quot;, &quot;WenQuanYi Zen Hei&quot;, &quot;WenQuanYi Micro Hei&quot;, sans-serif; line-height: 30px; color: rgb(51, 51, 51); word-break: break-all; white-space: normal; background-color: rgb(255, 255, 255);\"><span style=\"box-sizing: border-box; padding: 0px; margin: 0px; font-weight: 700;\">增值服务：</span></p><p style=\"box-sizing: border-box; padding: 0px; margin-top: 0px; margin-bottom: 10px; font-family: &quot;PingFang SC&quot;, &quot;Lantinghei SC&quot;, &quot;Helvetica Neue&quot;, Helvetica, Arial, &quot;Microsoft YaHei&quot;, &quot;\\\\5FAE软雅黑&quot;, STHeitiSC-Light, simsun, &quot;\\\\5B8B体&quot;, &quot;WenQuanYi Zen Hei&quot;, &quot;WenQuanYi Micro Hei&quot;, sans-serif; line-height: 30px; color: rgb(51, 51, 51); word-break: break-all; white-space: normal; background-color: rgb(255, 255, 255);\">（一）凡参会单位，可免费获得 51GIS 学院最新推出的《ArcGIS 全系统应用（整套工具）》网课一套，共计75课时800分钟。</p><p style=\"box-sizing: border-box; padding: 0px; margin-top: 0px; margin-bottom: 10px; font-family: &quot;PingFang SC&quot;, &quot;Lantinghei SC&quot;, &quot;Helvetica Neue&quot;, Helvetica, Arial, &quot;Microsoft YaHei&quot;, &quot;\\\\5FAE软雅黑&quot;, STHeitiSC-Light, simsun, &quot;\\\\5B8B体&quot;, &quot;WenQuanYi Zen Hei&quot;, &quot;WenQuanYi Micro Hei&quot;, sans-serif; line-height: 30px; color: rgb(51, 51, 51); word-break: break-all; white-space: normal; background-color: rgb(255, 255, 255);\">（二）参会学员培训后每人可获得300元现金券一张，用于后续课程使用。</p><p><br/></p>', NULL, 0, 1, 'GIS,遥感', 1, '197', '', '广州市', '', '', 1, '/uploads/20200521/b7e6a9c2fb303ffbbf2f8a58bc1a295b.png', 0),
(47, '4', '2019四维图新用户大会', '/uploads/20200521/e6e52e7daf9982d8d3a6e5cfb3c2e2cb.png', 1568682000, 1568714400, 18, 0, 2, 2, '<p>我们诚挚邀请您一起以新致远，共创机遇空间！<br/></p><p><br/></p>', NULL, 0, 1, '遥感', 1, '344', '上海中心大厦二楼大宴会厅', '上海市', '', '', 4, '/uploads/20200521/e6e52e7daf9982d8d3a6e5cfb3c2e2cb.png', 0),
(57, '1,5', '“小”有可为，2020华信天线新品发布会', '/uploads/20200611/00e1fec9b4e6fe33c322790d7a4055ee.jpg', 1591200000, 1591200000, 14, 1, 1, 1, '<p style=\"text-align: center;\"><img src=\"https://www.3sworld.com/uploads/ueditor/image/20200529/1590761927160836.jpg\" title=\"1590761927160836.jpg\" alt=\"发布会.jpg\"/></p><p><br/></p><p style=\"margin-top: 0px; margin-bottom: 0px; border: 0px; padding: 0px; max-width: 100%; box-sizing: border-box; color: rgb(51, 51, 51); font-family: -apple-system, PingFangSC-Regular, PingFangHK-Regular, PingFangTC-Regular, 微软雅黑, sans-serif; white-space: normal; background-color: rgb(255, 255, 255); text-align: center;\">每一次前行</p><p style=\"margin-top: 0px; margin-bottom: 0px; border: 0px; padding: 0px; max-width: 100%; box-sizing: border-box; color: rgb(51, 51, 51); font-family: -apple-system, PingFangSC-Regular, PingFangHK-Regular, PingFangTC-Regular, 微软雅黑, sans-serif; white-space: normal; background-color: rgb(255, 255, 255); text-align: center;\">都需要创新的力量</p><p style=\"margin-top: 0px; margin-bottom: 0px; border: 0px; padding: 0px; max-width: 100%; box-sizing: border-box; color: rgb(51, 51, 51); font-family: -apple-system, PingFangSC-Regular, PingFangHK-Regular, PingFangTC-Regular, 微软雅黑, sans-serif; white-space: normal; background-color: rgb(255, 255, 255); text-align: center;\">每一次创新</p><p style=\"margin-top: 0px; margin-bottom: 0px; border: 0px; padding: 0px; max-width: 100%; box-sizing: border-box; color: rgb(51, 51, 51); font-family: -apple-system, PingFangSC-Regular, PingFangHK-Regular, PingFangTC-Regular, 微软雅黑, sans-serif; white-space: normal; background-color: rgb(255, 255, 255); text-align: center;\">都是技术的引领</p><p style=\"margin-top: 0px; margin-bottom: 0px; border: 0px; padding: 0px; max-width: 100%; box-sizing: border-box; color: rgb(51, 51, 51); font-family: -apple-system, PingFangSC-Regular, PingFangHK-Regular, PingFangTC-Regular, 微软雅黑, sans-serif; white-space: normal; background-color: rgb(255, 255, 255); text-align: center;\">我们积极探索，不断尝试，力求改变<br/>一次又一次，一次又一次</p><p style=\"margin-top: 0px; margin-bottom: 0px; border: 0px; padding: 0px; max-width: 100%; box-sizing: border-box; color: rgb(51, 51, 51); font-family: -apple-system, PingFangSC-Regular, PingFangHK-Regular, PingFangTC-Regular, 微软雅黑, sans-serif; white-space: normal; background-color: rgb(255, 255, 255); text-align: center;\">终于</p><p style=\"margin-top: 0px; margin-bottom: 0px; border: 0px; padding: 0px; max-width: 100%; box-sizing: border-box; color: rgb(51, 51, 51); font-family: -apple-system, PingFangSC-Regular, PingFangHK-Regular, PingFangTC-Regular, 微软雅黑, sans-serif; white-space: normal; background-color: rgb(255, 255, 255); text-align: center;\">又迎来了我们的新产品</p><p style=\"margin-top: 0px; margin-bottom: 0px; border: 0px; padding: 0px; max-width: 100%; box-sizing: border-box; color: rgb(51, 51, 51); font-family: -apple-system, PingFangSC-Regular, PingFangHK-Regular, PingFangTC-Regular, 微软雅黑, sans-serif; white-space: normal; background-color: rgb(255, 255, 255);\">&nbsp;</p><p style=\"margin-top: 0px; margin-bottom: 0px; border: 0px; padding: 0px; max-width: 100%; box-sizing: border-box; color: rgb(51, 51, 51); font-family: -apple-system, PingFangSC-Regular, PingFangHK-Regular, PingFangTC-Regular, 微软雅黑, sans-serif; white-space: normal; background-color: rgb(255, 255, 255); text-align: center;\"><strong style=\"margin: 0px; border: 0px; padding: 0px; max-width: 100%; box-sizing: border-box;\">“小”有可为</strong></p><p style=\"margin-top: 0px; margin-bottom: 0px; border: 0px; padding: 0px; max-width: 100%; box-sizing: border-box; color: rgb(51, 51, 51); font-family: -apple-system, PingFangSC-Regular, PingFangHK-Regular, PingFangTC-Regular, 微软雅黑, sans-serif; white-space: normal; background-color: rgb(255, 255, 255); text-align: center;\">2020华信天线新品发布会</p><p style=\"margin-top: 0px; margin-bottom: 0px; border: 0px; padding: 0px; max-width: 100%; box-sizing: border-box; color: rgb(51, 51, 51); font-family: -apple-system, PingFangSC-Regular, PingFangHK-Regular, PingFangTC-Regular, 微软雅黑, sans-serif; white-space: normal; background-color: rgb(255, 255, 255); text-align: center;\">全新突破</p><p style=\"margin-top: 0px; margin-bottom: 0px; border: 0px; padding: 0px; max-width: 100%; box-sizing: border-box; color: rgb(51, 51, 51); font-family: -apple-system, PingFangSC-Regular, PingFangHK-Regular, PingFangTC-Regular, 微软雅黑, sans-serif; white-space: normal; background-color: rgb(255, 255, 255); text-align: center;\">期待与您共同见证</p>', NULL, 1, 2, '线上,导航定位', 1, '', '', NULL, 'http://t.cn/A6LvpCUA', '深圳市华信天线技术有限公司', 4, '/uploads/20200611/00e1fec9b4e6fe33c322790d7a4055ee.jpg', 0),
(59, '1,2', '2020 ArcGIS空间信息技术开发者大会', '/uploads/20200605/805230dd09fc1bffaedffb48a0fdf4c1.png', 1592355600, 1592557200, 15, 2, 2, 1, '<p style=\"margin-top: 0px; margin-bottom: 0px; padding: 0px; max-width: 100%; clear: both; min-height: 1em; color: rgb(51, 51, 51); font-family: -apple-system-font, system-ui, &quot;Helvetica Neue&quot;, &quot;PingFang SC&quot;, &quot;Hiragino Sans GB&quot;, &quot;Microsoft YaHei UI&quot;, &quot;Microsoft YaHei&quot;, Arial, sans-serif; font-size: 17px; letter-spacing: 0.544px; white-space: normal; background-color: rgb(255, 255, 255); text-align: center; box-sizing: border-box !important; overflow-wrap: break-word !important;\"><strong style=\"margin: 0px; padding: 0px; max-width: 100%; box-sizing: border-box !important; overflow-wrap: break-word !important;\"><span style=\"margin: 0px; padding: 0px; max-width: 100%; box-sizing: border-box !important; overflow-wrap: break-word !important; caret-color: red; font-size: 14px; color: rgb(74, 103, 252);\">聚焦最新GIS技术<br/></span></strong></p><p style=\"margin-top: 0px; margin-bottom: 0px; padding: 0px; max-width: 100%; clear: both; min-height: 1em; color: rgb(51, 51, 51); font-family: -apple-system-font, system-ui, &quot;Helvetica Neue&quot;, &quot;PingFang SC&quot;, &quot;Hiragino Sans GB&quot;, &quot;Microsoft YaHei UI&quot;, &quot;Microsoft YaHei&quot;, Arial, sans-serif; font-size: 17px; letter-spacing: 0.544px; white-space: normal; background-color: rgb(255, 255, 255); text-align: center; box-sizing: border-box !important; overflow-wrap: break-word !important;\"><strong style=\"margin: 0px; padding: 0px; max-width: 100%; box-sizing: border-box !important; overflow-wrap: break-word !important;\"><span style=\"margin: 0px; padding: 0px; max-width: 100%; box-sizing: border-box !important; overflow-wrap: break-word !important; font-size: 14px; color: rgb(74, 103, 252);\">碰撞无限开发思维</span></strong></p><p style=\"margin-top: 0px; margin-bottom: 0px; padding: 0px; max-width: 100%; clear: both; min-height: 1em; color: rgb(51, 51, 51); font-family: -apple-system-font, system-ui, &quot;Helvetica Neue&quot;, &quot;PingFang SC&quot;, &quot;Hiragino Sans GB&quot;, &quot;Microsoft YaHei UI&quot;, &quot;Microsoft YaHei&quot;, Arial, sans-serif; font-size: 17px; letter-spacing: 0.544px; white-space: normal; background-color: rgb(255, 255, 255); text-align: center; box-sizing: border-box !important; overflow-wrap: break-word !important;\"><br/></p><p style=\"margin-top: 0px; margin-bottom: 0px; padding: 0px; max-width: 100%; clear: both; min-height: 1em; font-size: 17px; letter-spacing: 0.544px; white-space: normal; background-color: rgb(255, 255, 255); text-align: center; max-inline-size: 100%; cursor: text; caret-color: rgb(255, 0, 0); font-family: 微软雅黑, &quot;Microsoft YaHei&quot;, Arial, sans-serif; box-sizing: border-box !important; overflow-wrap: break-word !important; outline: none 0px !important;\"><strong style=\"margin: 0px; padding: 0px; max-width: 100%; box-sizing: border-box !important; overflow-wrap: break-word !important;\"><span style=\"margin: 0px; padding: 0px; max-width: 100%; box-sizing: border-box !important; overflow-wrap: break-word !important; font-size: 14px; color: rgb(74, 103, 252);\">最最最干货的ArcGIS开发者大会</span></strong></p><p style=\"margin-top: 0px; margin-bottom: 0px; padding: 0px; max-width: 100%; clear: both; min-height: 1em; font-size: 17px; letter-spacing: 0.544px; white-space: normal; background-color: rgb(255, 255, 255); text-align: center; max-inline-size: 100%; cursor: text; caret-color: rgb(255, 0, 0); font-family: 微软雅黑, &quot;Microsoft YaHei&quot;, Arial, sans-serif; box-sizing: border-box !important; overflow-wrap: break-word !important; outline: none 0px !important;\"><strong style=\"margin: 0px; padding: 0px; max-width: 100%; box-sizing: border-box !important; overflow-wrap: break-word !important;\"><span style=\"margin: 0px; padding: 0px; max-width: 100%; box-sizing: border-box !important; overflow-wrap: break-word !important; font-size: 14px; color: rgb(74, 103, 252);\">用前瞻技术和跨界应用为大家打开新视野</span></strong></p><p style=\"margin-top: 0px; margin-bottom: 0px; padding: 0px; max-width: 100%; clear: both; min-height: 1em; font-size: 17px; letter-spacing: 0.544px; white-space: normal; background-color: rgb(255, 255, 255); text-align: center; max-inline-size: 100%; cursor: text; caret-color: rgb(255, 0, 0); font-family: 微软雅黑, &quot;Microsoft YaHei&quot;, Arial, sans-serif; box-sizing: border-box !important; overflow-wrap: break-word !important; outline: none 0px !important;\"><strong style=\"margin: 0px; padding: 0px; max-width: 100%; box-sizing: border-box !important; overflow-wrap: break-word !important;\"><span style=\"margin: 0px; padding: 0px; max-width: 100%; box-sizing: border-box !important; overflow-wrap: break-word !important; text-align: justify; font-size: 14px; color: rgb(74, 103, 252); font-family: 微软雅黑;\">用50+的精彩实战与干货分享</span></strong></p><p style=\"margin-top: 0px; margin-bottom: 0px; padding: 0px; max-width: 100%; clear: both; min-height: 1em; font-size: 17px; letter-spacing: 0.544px; white-space: normal; background-color: rgb(255, 255, 255); text-align: center; max-inline-size: 100%; cursor: text; caret-color: rgb(255, 0, 0); font-family: 微软雅黑, &quot;Microsoft YaHei&quot;, Arial, sans-serif; box-sizing: border-box !important; overflow-wrap: break-word !important; outline: none 0px !important;\"><strong style=\"margin: 0px; padding: 0px; max-width: 100%; box-sizing: border-box !important; overflow-wrap: break-word !important;\"><span style=\"margin: 0px; padding: 0px; max-width: 100%; box-sizing: border-box !important; overflow-wrap: break-word !important; text-align: justify; font-size: 14px; color: rgb(74, 103, 252); font-family: 微软雅黑;\">解锁GeoGeeker的未来开发之路</span></strong></p><p><br/></p>', NULL, 0, 1, '线上,GIS', 1, '', '', NULL, 'http://developer.esrichina.com.cn/', '', 9, '/uploads/20200605/805230dd09fc1bffaedffb48a0fdf4c1.png', 0),
(60, '4', '第二届高原科学与可持续发展论坛·分论坛', '/uploads/20200606/ed05baeae73b4f732028b0b6fb90e547.jpeg', 1594828800, 1595088000, 6, 1, 2, 2, '<p><span style=\"margin: 0px; padding: 0px; max-width: 100%; color: rgb(51, 51, 51); text-align: justify; background-color: rgb(255, 255, 255); font-family: 新宋体, NSimSun; box-sizing: border-box !important; overflow-wrap: break-word !important;\"><span style=\"margin: 0px; padding: 0px; max-width: 100%; text-align: left; font-variant-numeric: normal; font-variant-east-asian: normal; box-sizing: border-box !important; overflow-wrap: break-word !important;\">青藏高原是我国重要的生态屏障，其特殊的生境、广阔的地域空间、多样的生态系统和生物多样性，为遥感大数据应用研究提供了天然的实验场所。为更进一步深入贯彻习近平总书记对第二次青藏高原综合科学考察贺信中的指示精神，揭示青藏高原环境变化机理，优化生态安全屏障体系，推动青藏高原可持续发展、推进国家生态文明建设、促进全球生态环境保护和绿色发展，建设美丽的青藏高原，定于</span><strong style=\"margin: 0px; padding: 0px; max-width: 100%; box-sizing: border-box !important; overflow-wrap: break-word !important;\">2020<span style=\"margin: 0px; padding: 0px; max-width: 100%; box-sizing: border-box !important; overflow-wrap: break-word !important;\">年</span>7<span style=\"margin: 0px; padding: 0px; max-width: 100%; box-sizing: border-box !important; overflow-wrap: break-word !important;\">月</span>16-19<span style=\"margin: 0px; padding: 0px; max-width: 100%; box-sizing: border-box !important; overflow-wrap: break-word !important;\">日</span></strong><span style=\"margin: 0px; padding: 0px; max-width: 100%; text-align: left; font-variant-numeric: normal; font-variant-east-asian: normal; box-sizing: border-box !important; overflow-wrap: break-word !important;\">在<strong style=\"margin: 0px; padding: 0px; max-width: 100%; box-sizing: border-box !important; overflow-wrap: break-word !important;\">青海省西宁市</strong>举办“第二届高原科学与可持续发展论坛分论坛：遥感大数据与高原可持续发展高峰论坛”。会议由青海省人民政府</span><span style=\"margin: 0px; padding: 0px; max-width: 100%; font-variant-numeric: normal; font-variant-east-asian: normal; font-stretch: normal; line-height: 24px; text-align: left; box-sizing: border-box !important; overflow-wrap: break-word !important;\">-</span><span style=\"margin: 0px; padding: 0px; max-width: 100%; text-align: left; font-variant-numeric: normal; font-variant-east-asian: normal; box-sizing: border-box !important; overflow-wrap: break-word !important;\">北京师范大学高原科学与可持续发展研究院、青海省生态环境厅、青海省自然资源厅、</span></span><span style=\"margin: 0px; padding: 0px; max-width: 100%; color: rgb(51, 51, 51); font-variant-numeric: normal; font-variant-east-asian: normal; background-color: rgb(255, 255, 255); font-family: 新宋体, NSimSun; box-sizing: border-box !important; overflow-wrap: break-word !important;\">中国科学院空天信息创新研究院、遥感科学国家重点实验室</span><span style=\"margin: 0px; padding: 0px; max-width: 100%; color: rgb(51, 51, 51); text-align: justify; background-color: rgb(255, 255, 255); font-family: 新宋体, NSimSun; box-sizing: border-box !important; overflow-wrap: break-word !important;\"><span style=\"margin: 0px; padding: 0px; max-width: 100%; text-align: left; font-variant-numeric: normal; font-variant-east-asian: normal; box-sizing: border-box !important; overflow-wrap: break-word !important;\">、中国人民解放军战略支援部队信息工程大学、北京师范大学地理学部共同主办；青海师范大学地理科学学院、青藏高原地理信息与遥感应用省级重点实验室、青海省地理学会、青海省地理信息学会等单位承办。诚挚欢迎从事遥感技术、地理信息技术、导航定位与位置服务技术、地理科学、生态科学、资源与环境科学、高原可持续发展等相关领域的专家、学者、学生参加。</span></span></p>', NULL, 0, 1, '遥感', 1, '315', '青海师范大学城北校区（青海省西宁市海湖大道延长段38号）', '西宁市', '', '主办单位：青海省人民政府-北京师范大学高原科学与可持续发展研究院、青海省生态环境厅、青海省自然资源厅、中国科学院空天信息创新研究院、遥感科学国家重点实验室、中国人民解放军战略支援部队信息工程大学、京师范大学地理学部', 8, '', 0),
(61, '1', '第三届全国城市道路塌陷灾害防治高峰论坛暨第二期检测评估技术岗位培训', '/uploads/20200606/416cb02daf87c5407c06e82d15e6dc6d.png', 1595260800, 1595433600, 3, 0, 2, 1, '<p style=\"margin-top: 0px; margin-bottom: 0px; padding: 0px; max-width: 100%; clear: both; min-height: 1em; caret-color: rgb(51, 51, 51); color: rgb(51, 51, 51); font-family: -apple-system-font, BlinkMacSystemFont, &quot;Helvetica Neue&quot;, &quot;PingFang SC&quot;, &quot;Hiragino Sans GB&quot;, &quot;Microsoft YaHei UI&quot;, &quot;Microsoft YaHei&quot;, Arial, sans-serif; font-size: 17px; letter-spacing: 0.544px; text-align: justify; white-space: normal; text-size-adjust: auto; line-height: 29px; box-sizing: border-box !important; overflow-wrap: break-word !important;\"><span style=\"margin: 0px; padding: 0px; max-width: 100%; box-sizing: border-box !important; word-wrap: break-word !important; font-family: 仿宋_GB2312; letter-spacing: 0px; background-color: rgb(255, 255, 255); font-size: 14px; background-position: initial initial; background-repeat: initial initial;\">各有关单位：</span></p><p style=\"margin-top: 0px; margin-bottom: 0px; padding: 0px; max-width: 100%; clear: both; min-height: 1em; caret-color: rgb(51, 51, 51); color: rgb(51, 51, 51); font-family: -apple-system-font, BlinkMacSystemFont, &quot;Helvetica Neue&quot;, &quot;PingFang SC&quot;, &quot;Hiragino Sans GB&quot;, &quot;Microsoft YaHei UI&quot;, &quot;Microsoft YaHei&quot;, Arial, sans-serif; font-size: 17px; letter-spacing: 0.544px; text-align: justify; white-space: normal; text-size-adjust: auto; line-height: 29px; box-sizing: border-box !important; overflow-wrap: break-word !important;\"><span style=\"margin: 0px; padding: 0px; max-width: 100%; box-sizing: border-box !important; word-wrap: break-word !important; font-family: 仿宋_GB2312; letter-spacing: 0px; background-color: rgb(255, 255, 255); font-size: 14px; background-position: initial initial; background-repeat: initial initial;\"><br/></span></p><p style=\"margin-top: 0px; margin-bottom: 0px; padding: 0px; max-width: 100%; clear: both; min-height: 1em; caret-color: rgb(51, 51, 51); color: rgb(51, 51, 51); font-family: -apple-system-font, BlinkMacSystemFont, &quot;Helvetica Neue&quot;, &quot;PingFang SC&quot;, &quot;Hiragino Sans GB&quot;, &quot;Microsoft YaHei UI&quot;, &quot;Microsoft YaHei&quot;, Arial, sans-serif; font-size: 17px; letter-spacing: 0.544px; text-align: justify; white-space: normal; text-size-adjust: auto; text-indent: 30px; line-height: 29px; box-sizing: border-box !important; overflow-wrap: break-word !important;\"><span style=\"margin: 0px; padding: 0px; max-width: 100%; box-sizing: border-box !important; word-wrap: break-word !important; font-size: 14px;\"><span style=\"margin: 0px; padding: 0px; max-width: 100%; box-sizing: border-box !important; word-wrap: break-word !important; font-family: 仿宋_GB2312; letter-spacing: 0px; background-color: rgb(255, 255, 255); background-position: initial initial; background-repeat: initial initial;\">1月13日，青海省西宁市发生路面塌陷重大安全事故，共造成10人死亡、17人受伤，官方投入1000余人参与救援。“1.13西宁塌陷事故”引起社会的极大关注，党中央和国务院高度重视！李克强总理亲赴西宁市察看路面塌陷造成人员伤亡的现场，叮嘱有关部门和地方负责人说：“</span><strong style=\"margin: 0px; padding: 0px; max-width: 100%; box-sizing: border-box !important; word-wrap: break-word !important;\"><span style=\"margin: 0px; padding: 0px; max-width: 100%; box-sizing: border-box !important; word-wrap: break-word !important; font-family: 仿宋_GB2312; letter-spacing: 0px; background-color: rgb(255, 255, 255); background-position: initial initial; background-repeat: initial initial;\"><span style=\"margin: 0px; padding: 0px; max-width: 100%; box-sizing: border-box !important; overflow-wrap: break-word !important;\">各地要举一反三，认真排查整治城市公共设施安全隐患，解决好历史积累问题，确保新建工程质量。城市建设既要</span>‘面子’又要‘里子’，地上要建好，地下设施也要建好，群众有安全感才有幸福感。</span></strong><span style=\"margin: 0px; padding: 0px; max-width: 100%; box-sizing: border-box !important; word-wrap: break-word !important; font-family: 仿宋_GB2312; letter-spacing: 0px; background-color: rgb(255, 255, 255); background-position: initial initial; background-repeat: initial initial;\">”这指明了治理道路塌陷灾害的方向。</span></span></p><p style=\"margin-top: 0px; margin-bottom: 0px; padding: 0px; max-width: 100%; clear: both; min-height: 1em; caret-color: rgb(51, 51, 51); color: rgb(51, 51, 51); font-family: -apple-system-font, BlinkMacSystemFont, &quot;Helvetica Neue&quot;, &quot;PingFang SC&quot;, &quot;Hiragino Sans GB&quot;, &quot;Microsoft YaHei UI&quot;, &quot;Microsoft YaHei&quot;, Arial, sans-serif; font-size: 17px; letter-spacing: 0.544px; text-align: justify; white-space: normal; text-size-adjust: auto; text-indent: 30px; line-height: 29px; box-sizing: border-box !important; overflow-wrap: break-word !important;\"><span style=\"margin: 0px; padding: 0px; max-width: 100%; box-sizing: border-box !important; word-wrap: break-word !important; font-family: 仿宋_GB2312; letter-spacing: 0px; background-color: rgb(255, 255, 255); font-size: 14px; background-position: initial initial; background-repeat: initial initial;\"><br/></span></p><p style=\"margin-top: 0px; margin-bottom: 0px; padding: 0px; max-width: 100%; clear: both; min-height: 1em; caret-color: rgb(51, 51, 51); color: rgb(51, 51, 51); font-family: -apple-system-font, BlinkMacSystemFont, &quot;Helvetica Neue&quot;, &quot;PingFang SC&quot;, &quot;Hiragino Sans GB&quot;, &quot;Microsoft YaHei UI&quot;, &quot;Microsoft YaHei&quot;, Arial, sans-serif; font-size: 17px; letter-spacing: 0.544px; text-align: justify; white-space: normal; text-size-adjust: auto; text-indent: 30px; line-height: 29px; box-sizing: border-box !important; overflow-wrap: break-word !important;\"><span style=\"margin: 0px; padding: 0px; max-width: 100%; box-sizing: border-box !important; word-wrap: break-word !important; font-family: 仿宋_GB2312; letter-spacing: 0px; background-color: rgb(255, 255, 255); font-size: 14px; background-position: initial initial; background-repeat: initial initial;\">当前，全国城市道路塌陷灾害进入集中爆发的高峰期，遍及全国各省市，从沿海到内陆，从一线大城市到二线、三线中小城市，尤为典型的事故有：<strong style=\"margin: 0px; padding: 0px; max-width: 100%; box-sizing: border-box !important; word-wrap: break-word !important;\">2018年的2.7佛山塌陷事故 、10.7四川达州塌陷事故，2019年12.1广州路面塌陷事故，以及今年的1.13西宁塌陷事故，共造成29人死亡，25人受伤。据地下管线委员会不完全统计，自2019年1月至2020年5月10日仅媒体报道的全国范围内道路塌陷事故就达165起，占地下管线事故总数的21.72%，造成越来越严重的生命财产损失和社会影响。</strong></span></p><p style=\"margin-top: 0px; margin-bottom: 0px; padding: 0px; max-width: 100%; clear: both; min-height: 1em; caret-color: rgb(51, 51, 51); color: rgb(51, 51, 51); font-family: -apple-system-font, BlinkMacSystemFont, &quot;Helvetica Neue&quot;, &quot;PingFang SC&quot;, &quot;Hiragino Sans GB&quot;, &quot;Microsoft YaHei UI&quot;, &quot;Microsoft YaHei&quot;, Arial, sans-serif; font-size: 17px; letter-spacing: 0.544px; text-align: justify; white-space: normal; text-size-adjust: auto; text-indent: 30px; line-height: 29px; box-sizing: border-box !important; overflow-wrap: break-word !important;\"><span style=\"margin: 0px; padding: 0px; max-width: 100%; box-sizing: border-box !important; word-wrap: break-word !important; font-family: 仿宋_GB2312; letter-spacing: 0px; background-color: rgb(255, 255, 255); font-size: 14px; background-position: initial initial; background-repeat: initial initial;\"><br/></span></p><p style=\"margin-top: 0px; margin-bottom: 0px; padding: 0px; max-width: 100%; clear: both; min-height: 1em; caret-color: rgb(51, 51, 51); color: rgb(51, 51, 51); font-family: -apple-system-font, BlinkMacSystemFont, &quot;Helvetica Neue&quot;, &quot;PingFang SC&quot;, &quot;Hiragino Sans GB&quot;, &quot;Microsoft YaHei UI&quot;, &quot;Microsoft YaHei&quot;, Arial, sans-serif; font-size: 17px; letter-spacing: 0.544px; text-align: justify; white-space: normal; text-size-adjust: auto; text-indent: 30px; line-height: 29px; box-sizing: border-box !important; overflow-wrap: break-word !important;\"><span style=\"margin: 0px; padding: 0px; max-width: 100%; box-sizing: border-box !important; word-wrap: break-word !important; font-size: 14px; font-family: 仿宋_GB2312; letter-spacing: 0px; background-color: rgb(255, 255, 255); background-position: initial initial; background-repeat: initial initial;\"><span style=\"margin: 0px; padding: 0px; max-width: 100%; box-sizing: border-box !important; overflow-wrap: break-word !important;\">党的十九届四中全会通过的《中共中央关于坚持和完善中国特色社会主义制度、推进国家治理体系和治理能力现代化若干重大问题的决定》，保障人民群众和城市的安全是国家和地方政府治理能力的重要标志。</span>4月17日，中共中央政治局召开会议，提出“积极扩大有效投资，实施老旧小区改造，加强传统基础设施和新型基础设施投资，促进传统产业改造升级，扩大战略性新兴产业投资”，城市道路和地下管线作为传统基础设施和新型基础设施的重要载体，其建设和安全运维必将提速和加大投资。<span style=\"margin: 0px; padding: 0px; max-width: 100%; box-sizing: border-box !important; overflow-wrap: break-word !important;\">住房和城乡建设部、交通运输部等政府主管部委，也相继发布了涉及城市道路塌陷灾害与道路病害检测评估的技术标准：《城市地下病害体综合探测与风险评估技术标准》、《三维地质雷达探测技术规程》、《多功能路况快速检测设备》、《城镇道路养护技术规范》等。政策法规与技术标准的颁布，为治理道路塌陷灾害提供了有力保障。</span></span></p><p style=\"margin-top: 0px; margin-bottom: 0px; padding: 0px; max-width: 100%; clear: both; min-height: 1em; caret-color: rgb(51, 51, 51); color: rgb(51, 51, 51); font-family: -apple-system-font, BlinkMacSystemFont, &quot;Helvetica Neue&quot;, &quot;PingFang SC&quot;, &quot;Hiragino Sans GB&quot;, &quot;Microsoft YaHei UI&quot;, &quot;Microsoft YaHei&quot;, Arial, sans-serif; font-size: 17px; letter-spacing: 0.544px; text-align: justify; white-space: normal; text-size-adjust: auto; text-indent: 30px; line-height: 29px; box-sizing: border-box !important; overflow-wrap: break-word !important;\"><span style=\"margin: 0px; padding: 0px; max-width: 100%; box-sizing: border-box !important; word-wrap: break-word !important; font-family: 仿宋_GB2312; letter-spacing: 0px; background-color: rgb(255, 255, 255); font-size: 14px; background-position: initial initial; background-repeat: initial initial;\"><br/></span></p><p style=\"margin-top: 0px; margin-bottom: 0px; padding: 0px; max-width: 100%; clear: both; min-height: 1em; caret-color: rgb(51, 51, 51); color: rgb(51, 51, 51); font-family: -apple-system-font, BlinkMacSystemFont, &quot;Helvetica Neue&quot;, &quot;PingFang SC&quot;, &quot;Hiragino Sans GB&quot;, &quot;Microsoft YaHei UI&quot;, &quot;Microsoft YaHei&quot;, Arial, sans-serif; font-size: 17px; letter-spacing: 0.544px; text-align: justify; white-space: normal; text-size-adjust: auto; text-indent: 30px; line-height: 29px; box-sizing: border-box !important; overflow-wrap: break-word !important;\"><span style=\"margin: 0px; padding: 0px; max-width: 100%; box-sizing: border-box !important; word-wrap: break-word !important; font-size: 14px; font-family: 仿宋_GB2312; letter-spacing: 0px; background-color: rgb(255, 255, 255); background-position: initial initial; background-repeat: initial initial;\"><span style=\"margin: 0px; padding: 0px; max-width: 100%; box-sizing: border-box !important; overflow-wrap: break-word !important;\">当前，城市道路地下病害体综合检测与风险评估产业初具规模，新技术、新方法、新装备取得长足发展，尤以三维地质雷达探测技术取得重要突破：现场采集可做到高密度无缝探测、资料解译定性准确、道路病害范围确定精确、探测数据具有长期保存和研究价值，并在北京、西宁、上海、大连、杭州、厦门、兰州、合肥、澳门等地得到实践检验和验证，判断准确率高达</span>80%。日本和欧美的经验，也充分证实了三维地质雷达探测技术的可靠性和准确性。这为我们开展大规模阶段性的城市道路空洞普查探测和周期性精细探测工作提供了技术保障，更为实现道路塌陷灾害“早发现、可防治、能预警”的目标奠定了坚实基础！</span></p><p style=\"margin-top: 0px; margin-bottom: 0px; padding: 0px; max-width: 100%; clear: both; min-height: 1em; caret-color: rgb(51, 51, 51); color: rgb(51, 51, 51); font-family: -apple-system-font, BlinkMacSystemFont, &quot;Helvetica Neue&quot;, &quot;PingFang SC&quot;, &quot;Hiragino Sans GB&quot;, &quot;Microsoft YaHei UI&quot;, &quot;Microsoft YaHei&quot;, Arial, sans-serif; font-size: 17px; letter-spacing: 0.544px; text-align: justify; white-space: normal; text-size-adjust: auto; text-indent: 30px; line-height: 29px; box-sizing: border-box !important; overflow-wrap: break-word !important;\"><span style=\"margin: 0px; padding: 0px; max-width: 100%; box-sizing: border-box !important; word-wrap: break-word !important; font-family: 仿宋_GB2312; letter-spacing: 0px; background-color: rgb(255, 255, 255); font-size: 14px; background-position: initial initial; background-repeat: initial initial;\"><br/></span></p><p style=\"margin-top: 0px; margin-bottom: 0px; padding: 0px; max-width: 100%; clear: both; min-height: 1em; caret-color: rgb(51, 51, 51); color: rgb(51, 51, 51); font-family: -apple-system-font, BlinkMacSystemFont, &quot;Helvetica Neue&quot;, &quot;PingFang SC&quot;, &quot;Hiragino Sans GB&quot;, &quot;Microsoft YaHei UI&quot;, &quot;Microsoft YaHei&quot;, Arial, sans-serif; font-size: 17px; letter-spacing: 0.544px; text-align: justify; white-space: normal; text-size-adjust: auto; text-indent: 30px; line-height: 29px; box-sizing: border-box !important; overflow-wrap: break-word !important;\"><span style=\"margin: 0px; padding: 0px; max-width: 100%; box-sizing: border-box !important; word-wrap: break-word !important; font-size: 14px; font-family: 仿宋_GB2312; letter-spacing: 0px; background-color: rgb(255, 255, 255); background-position: initial initial; background-repeat: initial initial;\"><span style=\"margin: 0px; padding: 0px; max-width: 100%; box-sizing: border-box !important; overflow-wrap: break-word !important;\">综上，随着城市道路塌陷灾害防治工作的提速和加大投资，工程项目的增加，专业技术人员需求量不断增长，但其素质与数量尚满足不了社会和市场需求。因此，为提升我国城市道路地下病害体综合检测与风险评估专业的项目管理水平和作业能力，培养一批高水平、高素质的专业技术人才。经研究，定于</span>7月21-25日在西宁市举办“第三届全国城市道路塌陷灾害防治高峰论坛暨第二期城市道路地下病害体综合检测与风险评估技术岗位培训会议”。</span></p><p style=\"margin-top: 0px; margin-bottom: 0px; padding: 0px; max-width: 100%; clear: both; min-height: 1em; caret-color: rgb(51, 51, 51); color: rgb(51, 51, 51); font-family: -apple-system-font, BlinkMacSystemFont, &quot;Helvetica Neue&quot;, &quot;PingFang SC&quot;, &quot;Hiragino Sans GB&quot;, &quot;Microsoft YaHei UI&quot;, &quot;Microsoft YaHei&quot;, Arial, sans-serif; font-size: 17px; letter-spacing: 0.544px; text-align: justify; white-space: normal; text-size-adjust: auto; text-indent: 30px; line-height: 29px; box-sizing: border-box !important; overflow-wrap: break-word !important;\"><span style=\"margin: 0px; padding: 0px; max-width: 100%; box-sizing: border-box !important; word-wrap: break-word !important; font-family: 仿宋_GB2312; letter-spacing: 0px; background-color: rgb(255, 255, 255); font-size: 14px; background-position: initial initial; background-repeat: initial initial;\"><br/></span></p><p style=\"margin-top: 0px; margin-bottom: 0px; padding: 0px; max-width: 100%; clear: both; min-height: 1em; caret-color: rgb(51, 51, 51); color: rgb(51, 51, 51); font-family: -apple-system-font, BlinkMacSystemFont, &quot;Helvetica Neue&quot;, &quot;PingFang SC&quot;, &quot;Hiragino Sans GB&quot;, &quot;Microsoft YaHei UI&quot;, &quot;Microsoft YaHei&quot;, Arial, sans-serif; font-size: 17px; letter-spacing: 0.544px; text-align: justify; white-space: normal; text-size-adjust: auto; text-indent: 32px; line-height: 29px; box-sizing: border-box !important; overflow-wrap: break-word !important;\"><span style=\"margin: 0px; padding: 0px; max-width: 100%; box-sizing: border-box !important; word-wrap: break-word !important; font-size: 14px; font-family: 仿宋_GB2312;\"><span style=\"margin: 0px; padding: 0px; max-width: 100%; box-sizing: border-box !important; overflow-wrap: break-word !important;\">为切实做好疫情防控工作，本期培训严格按照教育部门的有关要求，采用</span>(线上+线下)论坛、培训和考试的方式。考试合格，将颁发结业证书（或中级岗位证书），作为申报<span style=\"margin: 0px; padding: 0px; max-width: 100%; box-sizing: border-box !important; overflow-wrap: break-word !important;\">城市道路地下病害体综合检测与风险评估作业能力依据，并本着</span>“公平、公正、公开、公益”的原则，<span style=\"margin: 0px; padding: 0px; max-width: 100%; box-sizing: border-box !important; overflow-wrap: break-word !important;\">对从事相关作业的会员单位进行免费评价。请有关单位</span>8月31日前提交申报材料（附件3）。</span></p><p style=\"margin-top: 0px; margin-bottom: 0px; padding: 0px; max-width: 100%; clear: both; min-height: 1em; caret-color: rgb(51, 51, 51); color: rgb(51, 51, 51); font-family: -apple-system-font, BlinkMacSystemFont, &quot;Helvetica Neue&quot;, &quot;PingFang SC&quot;, &quot;Hiragino Sans GB&quot;, &quot;Microsoft YaHei UI&quot;, &quot;Microsoft YaHei&quot;, Arial, sans-serif; font-size: 17px; letter-spacing: 0.544px; text-align: justify; white-space: normal; text-size-adjust: auto; text-indent: 32px; line-height: 29px; box-sizing: border-box !important; overflow-wrap: break-word !important;\"><span style=\"margin: 0px; padding: 0px; max-width: 100%; box-sizing: border-box !important; word-wrap: break-word !important; font-family: 仿宋_GB2312; font-size: 14px;\"><br/></span></p><p style=\"margin-top: 0px; margin-bottom: 0px; padding: 0px; max-width: 100%; clear: both; min-height: 1em; caret-color: rgb(51, 51, 51); color: rgb(51, 51, 51); font-family: -apple-system-font, BlinkMacSystemFont, &quot;Helvetica Neue&quot;, &quot;PingFang SC&quot;, &quot;Hiragino Sans GB&quot;, &quot;Microsoft YaHei UI&quot;, &quot;Microsoft YaHei&quot;, Arial, sans-serif; font-size: 17px; letter-spacing: 0.544px; text-align: justify; white-space: normal; text-size-adjust: auto; text-indent: 32px; line-height: 29px; box-sizing: border-box !important; overflow-wrap: break-word !important;\"><span style=\"margin: 0px; padding: 0px; max-width: 100%; box-sizing: border-box !important; word-wrap: break-word !important; font-family: 仿宋_GB2312; font-size: 14px;\">欢迎你单位派员参加。有关事宜详见（附件1）。</span></p><p><br/></p>', NULL, 0, 2, '线上', 1, '', '', NULL, '', '主办单位：\n中国煤炭地质总局 \n公路养护技术国家工程研究中心    \n北京市道路与市政管线地下病害工程技术研究中心 \n国家道路及桥梁质量监督检验中心   \n自然资源部地下管线勘测工程院                     \n中国城市规划协会地下管线专业委员会  ', 4, '', 0),
(62, '3', '2020第十四届规划和自然资源信息化实务论坛', '/uploads/20200606/d9ccd2b3d372982576cb4ccf42013c0e.jpeg', 1592323200, 1592496000, 15, 1, 2, 2, '<p><span style=\"caret-color: rgb(27, 26, 26); color: rgb(27, 26, 26); font-family: -apple-system-font, BlinkMacSystemFont, &quot;Helvetica Neue&quot;, &quot;PingFang SC&quot;, &quot;Hiragino Sans GB&quot;, &quot;Microsoft YaHei UI&quot;, &quot;Microsoft YaHei&quot;, Arial, sans-serif; font-size: 15px; letter-spacing: 1px; text-align: justify; text-size-adjust: auto; background-color: rgb(255, 255, 255);\">自然资源部正式成立以来，规划和自然资源信息化的广度和深度不断延伸，各项工作稳步推进。《自然资源部信息化建设总体方案》于2019年11月发布，明确了全行业信息化健康有序发展的方向。新冠疫情的大考，促使全行业对信息化工作做出更多更深入的思考。我们强烈意识到：规划和自然资源信息化亟需开辟出崭新的航道，才能适应新形势下的变革与发展要求！2020第十四届规划和自然资源信息化实务论坛以“国土空间，数字治理”为主题，设立1个主题会场、1个培训会场、14个专题会场，围绕100多个议题，邀各位同仁与专家学者同研共进，推进国土空间治理的数字化转型和现代化治理进程。</span></p>', NULL, 0, 1, '测绘', 1, '344', '广中西路333号', '上海市', 'http://www.shiwuluntan.com', '支持单位：中国地理信息产业协会云计算与物联网工作委员会、中国测绘学会智慧城市工作委员会中国测绘学会、自然资源部地理信息系统技术创新中心、上海市城市规划中心', 8, '', 0);

-- --------------------------------------------------------

--
-- 表的结构 `act_serve_category`
--

CREATE TABLE `act_serve_category` (
  `id` int(11) NOT NULL,
  `title` varchar(50) DEFAULT '' COMMENT '标题',
  `status` tinyint(1) DEFAULT NULL COMMENT '状态',
  `sort` int(10) DEFAULT NULL COMMENT '排序'
) ENGINE=InnoDB DEFAULT CHARSET=utf8 COMMENT='服务类别表';

--
-- 转存表中的数据 `act_serve_category`
--

INSERT INTO `act_serve_category` (`id`, `title`, `status`, `sort`) VALUES
(1, '产品大会', 1, 0),
(2, '用户大会', 1, 0),
(3, '发布会', 1, 0),
(4, '培训会', 1, 1),
(8, '技术大会', 1, 1),
(9, '开发者大会', 1, 1);

-- --------------------------------------------------------

--
-- 表的结构 `act_serve_type`
--

CREATE TABLE `act_serve_type` (
  `id` int(11) NOT NULL,
  `title` varchar(50) DEFAULT '' COMMENT '标题',
  `status` tinyint(1) DEFAULT NULL COMMENT '状态',
  `sort` int(10) DEFAULT NULL COMMENT '排序'
) ENGINE=InnoDB DEFAULT CHARSET=utf8 COMMENT='服务类型表';

--
-- 转存表中的数据 `act_serve_type`
--

INSERT INTO `act_serve_type` (`id`, `title`, `status`, `sort`) VALUES
(1, '线上', 1, 7),
(2, 'GIS', 1, 6),
(3, '测绘', 1, 1),
(4, '遥感', 1, 1),
(5, '导航定位', 1, 1),
(6, '无人机', 1, 5);

-- --------------------------------------------------------

--
-- 表的结构 `act_share`
--

CREATE TABLE `act_share` (
  `id` int(11) NOT NULL,
  `userId` int(11) DEFAULT NULL COMMENT '用户id',
  `serve_id` int(11) DEFAULT NULL COMMENT '服务id',
  `create_time` int(10) DEFAULT NULL COMMENT '添加时间'
) ENGINE=InnoDB DEFAULT CHARSET=utf8 COMMENT='分享表';

--
-- 转存表中的数据 `act_share`
--

INSERT INTO `act_share` (`id`, `userId`, `serve_id`, `create_time`) VALUES
(2, 1, 1, 1589040000),
(4, 3, 4, 1589251455),
(5, 3, 1, 1589256366),
(7, 8, 28, 1589859597),
(8, 8, 1, 1589860087),
(9, 8, 5, 1589869317),
(10, 16, 31, 1589871352),
(11, 17, 1, 1589884753),
(12, 15, 1, 1589942447),
(13, 15, 4, 1589942968),
(14, 19, 45, 1589976601),
(15, 20, 35, 1589978650),
(16, 21, 4, 1589978687),
(17, 21, 33, 1589979668),
(18, 17, 35, 1590021574),
(19, 18, 4, 1590032387),
(20, 18, 1, 1590032390),
(21, 18, 5, 1590032393),
(22, 18, 33, 1590032396),
(23, 18, 34, 1590032407),
(24, 18, 35, 1590032410),
(25, 18, 36, 1590032418),
(26, 18, 45, 1590032422),
(27, 21, 35, 1590056285),
(28, 22, 36, 1590060978),
(29, 17, 4, 1590159254),
(30, 23, 33, 1590386300),
(31, 22, 4, 1590472802),
(32, 22, 1, 1590472814),
(33, 21, 36, 1590473089),
(34, 21, 1, 1590473096),
(35, 17, 0, 1590743521),
(36, 24, 4, 1591105271),
(37, 24, 5, 1591107002),
(38, 24, 58, 1591115157),
(39, 17, 5, 1591253410),
(40, 24, 55, 1591283962),
(41, 22, 58, 1591366338),
(42, 17, 36, 1591371673),
(43, 22, 45, 1591457515);

-- --------------------------------------------------------

--
-- 表的结构 `admin`
--

CREATE TABLE `admin` (
  `admin_id` tinyint(4) NOT NULL COMMENT '管理员ID',
  `username` varchar(20) NOT NULL COMMENT '管理员用户名',
  `pwd` varchar(70) NOT NULL COMMENT '管理员密码',
  `group_id` mediumint(8) DEFAULT NULL COMMENT '分组ID',
  `email` varchar(30) DEFAULT NULL COMMENT '邮箱',
  `realname` varchar(10) DEFAULT NULL COMMENT '真实姓名',
  `tel` varchar(30) DEFAULT NULL COMMENT '电话号码',
  `ip` varchar(20) DEFAULT NULL COMMENT 'IP地址',
  `add_time` int(11) DEFAULT NULL COMMENT '添加时间',
  `mdemail` varchar(50) DEFAULT '0' COMMENT '传递修改密码参数加密',
  `is_open` tinyint(2) DEFAULT '0' COMMENT '审核状态',
  `avatar` varchar(120) DEFAULT '' COMMENT '头像',
  `uid` varchar(120) DEFAULT NULL COMMENT '微信openid'
) ENGINE=MyISAM DEFAULT CHARSET=utf8 COMMENT='后台管理员' ROW_FORMAT=DYNAMIC;

--
-- 转存表中的数据 `admin`
--

INSERT INTO `admin` (`admin_id`, `username`, `pwd`, `group_id`, `email`, `realname`, `tel`, `ip`, `add_time`, `mdemail`, `is_open`, `avatar`, `uid`) VALUES
(1, 'webmaster', 'b1fc57caaec3c9c7901402465ad35e0f', 1, '1003521946@qq.com', '', '18734800294', '127.0.0.1', 1482132862, '0', 1, '/uploads/20200601/582a7020e18be61d0fb583830fe3d6ef.png', NULL);

-- --------------------------------------------------------

--
-- 表的结构 `auth_group`
--

CREATE TABLE `auth_group` (
  `group_id` mediumint(8) UNSIGNED NOT NULL COMMENT '全新ID',
  `title` char(100) NOT NULL DEFAULT '' COMMENT '标题',
  `status` tinyint(1) DEFAULT '0' COMMENT '状态',
  `rules` longtext COMMENT '规则',
  `addtime` int(11) NOT NULL COMMENT '添加时间'
) ENGINE=InnoDB DEFAULT CHARSET=utf8 COMMENT='管理员分组' ROW_FORMAT=COMPACT;

--
-- 转存表中的数据 `auth_group`
--

INSERT INTO `auth_group` (`group_id`, `title`, `status`, `rules`, `addtime`) VALUES
(1, '超级管理员', 1, '0,1,2,270,15,16,119,120,121,145,17,149,116,117,118,181,151,18,108,114,112,109,110,111,3,5,128,127,126,4,230,232,129,189,190,193,192,240,239,241,243,244,245,242,246,447,449,459,457,461,646,', 1465114224),
(2, '老师主管', 1, '0,417,418,', 1465114224),
(3, '商品管理员', 1, '27,29,161,163,164,162,38,167,182,169,166,', 1465114224),
(4, '安大花', 0, NULL, 1590027533);

-- --------------------------------------------------------

--
-- 表的结构 `auth_rule`
--

CREATE TABLE `auth_rule` (
  `id` mediumint(8) UNSIGNED NOT NULL,
  `href` char(80) NOT NULL DEFAULT '',
  `title` char(20) NOT NULL DEFAULT '',
  `type` tinyint(1) NOT NULL DEFAULT '1',
  `status` tinyint(1) NOT NULL DEFAULT '1',
  `authopen` tinyint(2) NOT NULL DEFAULT '1',
  `icon` varchar(20) DEFAULT NULL COMMENT '样式',
  `condition` char(100) DEFAULT '',
  `pid` int(5) NOT NULL DEFAULT '0' COMMENT '父栏目ID',
  `sort` int(11) DEFAULT '0' COMMENT '排序',
  `addtime` int(11) NOT NULL DEFAULT '0' COMMENT '添加时间',
  `zt` int(1) DEFAULT NULL,
  `menustatus` tinyint(1) DEFAULT NULL
) ENGINE=MyISAM DEFAULT CHARSET=utf8 COMMENT='权限节点' ROW_FORMAT=DYNAMIC;

--
-- 转存表中的数据 `auth_rule`
--

INSERT INTO `auth_rule` (`id`, `href`, `title`, `type`, `status`, `authopen`, `icon`, `condition`, `pid`, `sort`, `addtime`, `zt`, `menustatus`) VALUES
(1, 'System', '系统设置', 1, 1, 0, 'icon-cogs', '', 0, 0, 1446535750, 1, 1),
(2, 'System/system', '系统设置', 1, 1, 0, '', '', 1, 1, 1446535789, 1, 1),
(3, 'Database/database', '数据库管理', 1, 1, 0, 'icon-database', '', 0, 3, 1446535805, 1, 0),
(4, 'Database/restore', '还原数据库', 1, 1, 0, '', '', 3, 10, 1446535750, 1, 1),
(5, 'Database/database', '数据库备份', 1, 1, 0, '', '', 3, 1, 1446535834, 1, 1),
(15, 'Auth/adminList', '权限管理', 1, 1, 0, 'icon-lifebuoy', '', 0, 0, 1446535750, 1, 1),
(16, 'Auth/adminList', '管理员列表', 1, 1, 0, '', '', 15, 0, 1446535750, 1, 1),
(17, 'Auth/adminGroup', '用户组列表', 1, 1, 0, '', '', 15, 1, 1446535750, 1, 1),
(18, 'Auth/adminRule', '权限管理', 1, 1, 0, '', '', 15, 2, 1446535750, 1, 1),
(108, 'Auth/ruleAdd', '操作-添加', 1, 1, 0, '', '', 18, 0, 1461550835, 1, 0),
(109, 'Auth/ruleState', '操作-状态', 1, 1, 0, '', '', 18, 5, 1461550949, 1, 0),
(110, 'Auth/ruleTz', '操作-验证', 1, 1, 0, '', '', 18, 6, 1461551129, 1, 0),
(111, 'Auth/ruleorder', '操作-排序', 1, 1, 0, '', '', 18, 7, 1461551263, 1, 0),
(112, 'Auth/ruleDel', '操作-删除', 1, 1, 0, '', '', 18, 4, 1461551536, 1, 0),
(114, 'Auth/ruleEdit', '操作-修改', 1, 1, 0, '', '', 18, 2, 1461551913, 1, 0),
(116, 'Auth/groupEdit', '操作-修改', 1, 1, 0, '', '', 17, 3, 1461552326, 1, 0),
(117, 'Auth/groupDel', '操作-删除', 1, 1, 0, '', '', 17, 30, 1461552349, 1, 0),
(118, 'Auth/groupAccess', '操作-权限', 1, 1, 0, '', '', 17, 40, 1461552404, 1, 0),
(119, 'Auth/adminAdd', '操作-添加', 1, 1, 0, '', '', 16, 0, 1461553162, 1, 0),
(120, 'Auth/adminEdit', '操作-修改', 1, 1, 0, '', '', 16, 2, 1461554130, 1, 0),
(121, 'Auth/adminDel', '操作-删除', 1, 1, 0, '', '', 16, 4, 1461554152, 1, 0),
(126, 'Database/export', '操作-备份', 1, 1, 0, '', '', 5, 1, 1461550835, 1, 0),
(127, 'Database/optimize', '操作-优化', 1, 1, 0, '', '', 5, 1, 1461550835, 1, 0),
(128, 'Database/repair', '操作-修复', 1, 1, 0, '', '', 5, 1, 1461550835, 1, 0),
(129, 'Database/delSqlFiles', '操作-删除', 1, 1, 0, '', '', 4, 3, 1461550835, 1, 0),
(230, 'Database/import', '操作-还原', 1, 1, 0, '', '', 4, 1, 1497423595, 0, 0),
(145, 'Auth/adminState', '操作-状态', 1, 1, 0, '', '', 16, 5, 1461550835, 1, 0),
(149, 'Auth/groupAdd', '操作-添加', 1, 1, 0, '', '', 17, 1, 1461550835, 1, 0),
(151, 'Auth/groupRunaccess', '操作-权存', 1, 1, 0, '', '', 17, 50, 1461550835, 1, 0),
(240, 'Module/del', '操作-删除', 1, 1, 0, '', '', 190, 4, 1497425850, 0, 0),
(239, 'Module/moduleState', '操作-状态', 1, 1, 0, '', '', 190, 5, 1497425764, 0, 0),
(181, 'Auth/groupState', '操作-状态', 1, 1, 0, '', '', 17, 50, 1461834340, 1, 0),
(189, 'Module', '模型管理', 1, 1, 0, 'icon-ungroup', '', 0, 4, 1466825363, 0, 0),
(190, 'Module/index', '模型列表', 1, 1, 0, '', '', 189, 1, 1466826681, 0, 1),
(192, 'Module/edit', '操作-修改', 1, 1, 0, '', '', 190, 2, 1467007920, 0, 0),
(193, 'Module/add', '操作-添加', 1, 1, 0, '', '', 190, 1, 1467007955, 0, 0),
(232, 'Database/downFile', '操作-下载', 1, 1, 0, '', '', 4, 2, 1497423744, 0, 0),
(241, 'Module/field', '模型字段', 1, 1, 0, '', '', 190, 6, 1497425972, 0, 0),
(242, 'Module/fieldStatus', '操作-状态', 1, 1, 0, '', '', 241, 4, 1497426044, 0, 0),
(243, 'Module/fieldAdd', '操作-添加', 1, 1, 0, '', '', 241, 1, 1497426089, 0, 0),
(244, 'Module/fieldEdit', '操作-修改', 1, 1, 0, '', '', 241, 2, 1497426134, 0, 0),
(245, 'Module/listOrder', '操作-排序', 1, 1, 0, '', '', 241, 3, 1497426179, 0, 0),
(246, 'Module/fieldDel', '操作-删除', 1, 1, 0, '', '', 241, 5, 1497426241, 0, 0),
(270, 'System/email', '邮箱配置', 1, 1, 0, '', '', 1, 2, 1502331829, 0, 1),
(287, 'Crud/index', '增删改查', 1, 1, 0, '', '', 189, 50, 1573280987, NULL, 1),
(333, 'Test', '系统模块管理', 1, 1, 0, '', '', 0, 4, 1577762471, NULL, 0),
(334, 'Test/index', '系统模块列表', 1, 1, 0, '', '', 333, 50, 1577762507, NULL, 0),
(346, 'Sysmodule/index', '系统权限2.0列表', 1, 1, 0, '', '', 345, 50, 1578382768, NULL, 1),
(347, 'Sysmodule/add', 'sysmodule添加', 1, 1, 0, '', '', 345, 50, 1578382768, NULL, 0),
(348, 'Sysmodule/edit', 'sysmodule编辑', 1, 1, 0, '', '', 345, 50, 1578382768, NULL, 0),
(345, 'Sysmodule', '系统权限2.0', 1, 1, 0, '', '', 0, 2, 1578382768, NULL, 0),
(380, 'Sysview/edit', 'Sysview编辑', 1, 1, 1, '', '', 377, 50, 1578994607, NULL, 0),
(379, 'Sysview/add', 'Sysview添加', 1, 1, 1, '', '', 377, 50, 1578994607, NULL, 0),
(378, 'Sysview/index', '关联列表', 1, 1, 1, '', '', 377, 50, 1578994607, NULL, 1),
(377, 'Sysview', '关联管理', 1, 1, 0, '', '', 0, 1, 1578994607, NULL, 0),
(447, 'Users', '用户管理', 1, 1, 0, '', '', 0, 9, 1586589537, NULL, 1),
(449, 'Users/index', ' 用户表列表', 1, 1, 0, '', '', 447, 50, 1586589566, NULL, 1),
(459, 'Users/edit', '  用户表编辑', 1, 1, 0, '', '', 447, 50, 1586589685, NULL, 0),
(457, 'Users/add', '  用户表添加', 1, 1, 0, '', '', 447, 50, 1586589666, NULL, 0),
(461, 'Users/del', '用户表删除', 1, 1, 0, '', '', 447, 50, 1586589714, NULL, 0),
(637, 'Banner', '轮播图管理', 1, 1, 0, '', '', 0, 50, 1588747370, NULL, 1),
(626, 'ServeType/del', '活动类型管理删除', 1, 1, 0, '', '', 622, 50, 1588745688, NULL, 0),
(625, 'ServeType/edit', '活动类型管理编辑', 1, 1, 0, '', '', 622, 50, 1588745688, NULL, 0),
(624, 'ServeType/add', '活动类型管理添加', 1, 1, 0, '', '', 622, 50, 1588745688, NULL, 0),
(622, 'ServeType', '活动类型管理', 1, 1, 0, '', '', 0, 50, 1588745688, NULL, 1),
(623, 'ServeType/index', '活动类型管理列表', 1, 1, 0, '', '', 622, 50, 1588745688, NULL, 1),
(644, 'ServeCategory/index', '活动类别管理列表', 1, 1, 1, '', '', 643, 50, 1590052903, NULL, 1),
(643, 'ServeCategory', '活动类别管理', 1, 1, 1, '', '', 0, 50, 1590052845, NULL, 1),
(641, 'Banner/del', '轮播图管理删除', 1, 1, 0, '', '', 637, 50, 1588747370, NULL, 0),
(640, 'Banner/edit', '轮播图管理编辑', 1, 1, 0, '', '', 637, 50, 1588747370, NULL, 0),
(639, 'Banner/add', '轮播图管理添加', 1, 1, 0, '', '', 637, 50, 1588747370, NULL, 0),
(638, 'Banner/index', '轮播图管理列表', 1, 1, 0, '', '', 637, 50, 1588747370, NULL, 1),
(636, 'serve/del', '活动管理删除', 1, 1, 0, '', '', 632, 50, 1588746588, NULL, 0),
(635, 'serve/edit', '活动管理编辑', 1, 1, 0, '', '', 632, 50, 1588746588, NULL, 0),
(634, 'serve/add', '活动管理添加', 1, 1, 0, '', '', 632, 50, 1588746588, NULL, 0),
(632, 'serve', '活动管理', 1, 1, 0, '', '', 0, 4, 1588746588, NULL, 1),
(633, 'serve/index', '活动管理列表', 1, 1, 0, '', '', 632, 50, 1588746588, NULL, 1),
(646, 'Help', '客服与帮助', 1, 1, 0, '', '', 0, 50, 1591181032, NULL, 1),
(647, 'Help/index', '小程序帮助页面显示', 1, 1, 1, '', '', 646, 50, 1591181406, NULL, 1);

-- --------------------------------------------------------

--
-- 表的结构 `category`
--

CREATE TABLE `category` (
  `id` smallint(5) UNSIGNED NOT NULL,
  `catname` varchar(255) NOT NULL DEFAULT '',
  `catdir` varchar(30) NOT NULL DEFAULT '',
  `parentdir` varchar(50) NOT NULL DEFAULT '',
  `pid` smallint(5) UNSIGNED NOT NULL DEFAULT '0',
  `moduleid` tinyint(2) UNSIGNED NOT NULL DEFAULT '0',
  `module` char(24) NOT NULL DEFAULT '',
  `arrparentid` varchar(255) NOT NULL DEFAULT '',
  `arrchildid` varchar(100) NOT NULL DEFAULT '',
  `type` tinyint(1) UNSIGNED NOT NULL DEFAULT '0',
  `title` varchar(150) NOT NULL DEFAULT '',
  `keywords` varchar(200) NOT NULL DEFAULT '',
  `description` varchar(255) NOT NULL DEFAULT '',
  `sort` smallint(5) UNSIGNED NOT NULL DEFAULT '0',
  `ishtml` tinyint(1) UNSIGNED NOT NULL DEFAULT '0',
  `ismenu` tinyint(1) UNSIGNED NOT NULL DEFAULT '0',
  `hits` int(10) UNSIGNED NOT NULL DEFAULT '0',
  `image` varchar(100) NOT NULL DEFAULT '',
  `child` tinyint(1) UNSIGNED NOT NULL DEFAULT '0',
  `url` varchar(100) NOT NULL DEFAULT '',
  `template_list` varchar(20) NOT NULL DEFAULT '',
  `template_show` varchar(20) NOT NULL DEFAULT '',
  `pagesize` tinyint(2) UNSIGNED NOT NULL DEFAULT '0',
  `readgroup` varchar(100) NOT NULL DEFAULT '',
  `listtype` tinyint(1) UNSIGNED NOT NULL DEFAULT '0',
  `lang` tinyint(1) UNSIGNED NOT NULL DEFAULT '0',
  `is_show` tinyint(1) UNSIGNED NOT NULL DEFAULT '0' COMMENT '是否预览'
) ENGINE=MyISAM DEFAULT CHARSET=utf8 COMMENT='栏目' ROW_FORMAT=DYNAMIC;

--
-- 转存表中的数据 `category`
--

INSERT INTO `category` (`id`, `catname`, `catdir`, `parentdir`, `pid`, `moduleid`, `module`, `arrparentid`, `arrchildid`, `type`, `title`, `keywords`, `description`, `sort`, `ishtml`, `ismenu`, `hits`, `image`, `child`, `url`, `template_list`, `template_show`, `pagesize`, `readgroup`, `listtype`, `lang`, `is_show`) VALUES
(1, '最新动态', 'news', '', 0, 2, 'article', '0', '1,5,6,14,3', 0, '最新动态', '最新动态', '最新动态', 4, 0, 1, 0, '', 1, '', 'article_list', 'article_show', 0, '1,2,3', 0, 0, 0),
(2, '关于我们', 'about', '', 0, 1, 'page', '0', '2', 0, '关于我们', 'CLTPHP内容管理系统，微信公众平台、APP移动应用设计、HTML5网站API定制开发。大型企业网站、个人博客论坛、手机网站定制开发。更高效、更快捷的进行定制开发。', 'CLTPHP内容管理系统，微信公众平台、APP移动应用设计、HTML5网站API定制开发。大型企业网站、个人博客论坛、手机网站定制开发。更高效、更快捷的进行定制开发。', 0, 0, 1, 0, '', 0, '', '', '', 0, '1', 0, 0, 0),
(4, '系统操作', 'system', '', 0, 3, 'picture', '0', '4', 0, 'CLTPHP系统操作', 'CLTPHP系统操作,CLTPHP,CLTPHP内容管理系统', 'CLTPHP系统操作,CLTPHP,CLTPHP内容管理系统', 2, 0, 1, 0, '', 0, '', '', '', 0, '1,2', 0, 0, 0),
(3, 'CLTPHP服务', 'news', 'news/', 1, 2, 'article', '0,1', '3', 0, '产品服务-CLTPHP', '产品服务,CLTPHP,CLTPHP内容管理系统', '产品服务', 1, 0, 1, 0, '', 0, '', '', '', 0, '1,2,3', 0, 0, 1),
(8, '联系我们', 'contact', '', 0, 1, 'page', '0', '8', 0, '联系我们', '联系我们', '联系我们', 7, 0, 1, 0, '', 0, '', 'page_show_contace', 'page_show_contace', 0, '1,2', 0, 0, 0),
(7, '精英团队', 'team', '', 0, 6, 'team', '0', '7', 0, '精英团队', '精英团队', '精英团队', 5, 0, 1, 0, '', 0, '', '', '', 0, '1,2', 0, 0, 0),
(5, 'CLTPHP动态', 'news', 'news/', 1, 2, 'article', '0,1', '5', 0, 'CLTPHP动态', 'CLTPHP动态', 'CLTPHP动态', 0, 0, 1, 0, '', 0, '', 'article_list', '', 0, '1,2,3', 0, 0, 1),
(6, '相关知识 ', 'news', 'news/', 1, 2, 'article', '0,1', '6', 0, 'CLTPHP相关知识', 'CLTPHP相关知识', 'CLTPHP相关知识', 0, 0, 1, 0, '', 0, '', '', '', 0, '1,2,3', 0, 0, 1),
(14, '文件下载', 'news', 'news/', 1, 5, 'download', '0,1', '14', 0, '测试下载', '测试下载', '测试下载', 0, 0, 1, 0, '', 0, '', '', '', 0, '1,2,3', 0, 0, 0);

-- --------------------------------------------------------

--
-- 表的结构 `config`
--

CREATE TABLE `config` (
  `id` smallint(6) UNSIGNED NOT NULL COMMENT '表id',
  `name` varchar(50) DEFAULT NULL COMMENT '配置的key键名',
  `value` varchar(512) DEFAULT NULL COMMENT '配置的val值',
  `inc_type` varchar(64) DEFAULT NULL COMMENT '配置分组',
  `desc` varchar(50) DEFAULT NULL COMMENT '描述'
) ENGINE=MyISAM DEFAULT CHARSET=utf8 ROW_FORMAT=DYNAMIC;

--
-- 转存表中的数据 `config`
--

INSERT INTO `config` (`id`, `name`, `value`, `inc_type`, `desc`) VALUES
(16, 'is_mark', '0', 'water', '0'),
(17, 'mark_txt', '', 'water', '0'),
(18, 'mark_img', '/public/upload/public/2017/01-20/10cd966bd5f3549833c09a5c9700a9b8.jpg', 'water', '0'),
(19, 'mark_width', '', 'water', '0'),
(20, 'mark_height', '', 'water', '0'),
(21, 'mark_degree', '54', 'water', '0'),
(22, 'mark_quality', '56', 'water', '0'),
(23, 'sel', '9', 'water', '0'),
(24, 'sms_url', 'https://yunpan.cn/OcRgiKWxZFmjSJ', 'sms', '0'),
(25, 'sms_user', '', 'sms', '0'),
(26, 'sms_pwd', '访问密码 080e', 'sms', '0'),
(27, 'regis_sms_enable', '1', 'sms', '0'),
(28, 'sms_time_out', '1200', 'sms', '0'),
(38, '__hash__', '8d9fea07e44955760d3407524e469255_6ac8706878aa807db7ffb09dd0b02453', 'sms', '0'),
(39, '__hash__', '8d9fea07e44955760d3407524e469255_6ac8706878aa807db7ffb09dd0b02453', 'sms', '0'),
(56, 'sms_appkey', '123456789', 'sms', '0'),
(57, 'sms_secretKey', '123456789', 'sms', '0'),
(58, 'sms_product', 'CLTPHP', 'sms', '0'),
(59, 'sms_templateCode', 'SMS_101234567890', 'sms', '0'),
(60, 'smtp_server', '1', 'smtp', '0'),
(61, 'smtp_port', '1', 'smtp', '0'),
(62, 'smtp_user', '1', 'smtp', '0'),
(63, 'smtp_pwd', '1', 'smtp', '0'),
(64, 'regis_smtp_enable', '1', 'smtp', '0'),
(65, 'test_eamil', '1', 'smtp', '0'),
(70, 'forget_pwd_sms_enable', '1', 'sms', '0'),
(71, 'bind_mobile_sms_enable', '1', 'sms', '0'),
(72, 'order_add_sms_enable', '1', 'sms', '0'),
(73, 'order_pay_sms_enable', '1', 'sms', '0'),
(74, 'order_shipping_sms_enable', '1', 'sms', '0'),
(88, 'email_id', '1', 'smtp', '0'),
(89, 'test_eamil_info', ' 您好！这是一封来自CLTPHP的测试邮件！', 'smtp', '0');

-- --------------------------------------------------------

--
-- 表的结构 `field`
--

CREATE TABLE `field` (
  `id` smallint(5) UNSIGNED NOT NULL,
  `moduleid` tinyint(3) UNSIGNED NOT NULL DEFAULT '0',
  `field` varchar(20) NOT NULL DEFAULT '',
  `name` varchar(30) NOT NULL DEFAULT '',
  `tips` varchar(150) NOT NULL DEFAULT '',
  `required` tinyint(1) UNSIGNED NOT NULL DEFAULT '0',
  `minlength` int(10) UNSIGNED NOT NULL DEFAULT '0',
  `maxlength` int(10) UNSIGNED NOT NULL DEFAULT '0',
  `pattern` varchar(255) NOT NULL DEFAULT '',
  `errormsg` varchar(255) NOT NULL DEFAULT '',
  `class` varchar(20) NOT NULL DEFAULT '',
  `type` varchar(20) NOT NULL DEFAULT '',
  `setup` text,
  `ispost` tinyint(1) NOT NULL DEFAULT '0',
  `unpostgroup` varchar(60) NOT NULL DEFAULT '',
  `sort` int(10) UNSIGNED NOT NULL DEFAULT '0',
  `status` tinyint(1) UNSIGNED NOT NULL DEFAULT '0',
  `issystem` tinyint(1) UNSIGNED NOT NULL DEFAULT '0'
) ENGINE=MyISAM DEFAULT CHARSET=utf8 ROW_FORMAT=DYNAMIC;

--
-- 转存表中的数据 `field`
--

INSERT INTO `field` (`id`, `moduleid`, `field`, `name`, `tips`, `required`, `minlength`, `maxlength`, `pattern`, `errormsg`, `class`, `type`, `setup`, `ispost`, `unpostgroup`, `sort`, `status`, `issystem`) VALUES
(1, 1, 'title', '标题', '', 1, 1, 80, 'defaul', '标题必须为1-80个字符', 'title', 'title', 'array (\n  \'thumb\' => \'1\',\n  \'style\' => \'1\',\n)', 1, '', 1, 1, 1),
(2, 1, 'hits', '点击次数', '', 0, 0, 8, '', '', '', 'number', 'array (\n  \'size\' => \'10\',\n  \'numbertype\' => \'1\',\n  \'decimaldigits\' => \'0\',\n  \'default\' => \'0\',\n)', 1, '', 8, 0, 0),
(3, 1, 'createtime', '发布时间', '', 1, 0, 0, 'date', '', '', 'datetime', '', 1, '', 97, 1, 1),
(4, 1, 'template', '模板', '', 0, 0, 0, '', '', '', 'template', '', 1, '', 99, 1, 1),
(5, 1, 'status', '状态', '', 0, 0, 0, 'defaul', '', 'status', 'radio', 'array (\n  \'options\' => \'发布|1\n定时发布|0\',\n  \'fieldtype\' => \'varchar\',\n  \'numbertype\' => \'1\',\n  \'default\' => \'1\',\n)', 0, '', 98, 1, 1),
(6, 1, 'content', '内容', '', 1, 0, 0, 'defaul', '', 'content', 'editor', 'array (\n  \'edittype\' => \'wangEditor\',\n)', 0, '', 3, 1, 0),
(7, 2, 'catid', '栏目', '', 1, 1, 6, '', '必须选择一个栏目', '', 'catid', '', 1, '', 1, 1, 1),
(8, 2, 'title', '标题', '', 1, 1, 80, 'defaul', '标题必须为1-80个字符', 'title', 'title', 'array (\n  \'thumb\' => \'1\',\n  \'style\' => \'1\',\n)', 1, '', 2, 1, 1),
(9, 2, 'keywords', '关键词', '', 0, 0, 80, '', '', '', 'text', 'array (\n  \'size\' => \'55\',\n  \'default\' => \'\',\n  \'ispassword\' => \'0\',\n  \'fieldtype\' => \'varchar\',\n)', 1, '', 3, 1, 1),
(10, 2, 'description', 'SEO简介', '', 0, 0, 0, '', '', '', 'textarea', 'array (\n  \'fieldtype\' => \'mediumtext\',\n  \'rows\' => \'4\',\n  \'cols\' => \'55\',\n  \'default\' => \'\',\n)', 1, '', 4, 1, 1),
(11, 2, 'content', '内容', '', 0, 0, 0, 'defaul', '', 'content', 'editor', 'array (\n  \'edittype\' => \'UEditor\',\n)', 1, '', 6, 1, 1),
(12, 2, 'createtime', '发布时间', '', 1, 0, 0, 'date', '', 'createtime', 'datetime', '', 1, '', 6, 1, 1),
(13, 2, 'recommend', '允许评论', '', 0, 0, 1, '', '', '', 'radio', 'array (\n  \'options\' => \'允许评论|1\r\n不允许评论|0\',\n  \'fieldtype\' => \'tinyint\',\n  \'numbertype\' => \'1\',\n  \'labelwidth\' => \'\',\n  \'default\' => \'\',\n)', 1, '', 10, 0, 0),
(14, 2, 'readpoint', '阅读收费', '', 0, 0, 5, '', '', '', 'number', 'array (\n  \'size\' => \'5\',\n  \'numbertype\' => \'1\',\n  \'decimaldigits\' => \'0\',\n  \'default\' => \'0\',\n)', 1, '', 11, 0, 0),
(15, 2, 'hits', '点击次数', '', 0, 0, 8, '', '', '', 'number', 'array (\n  \'size\' => \'10\',\n  \'numbertype\' => \'1\',\n  \'decimaldigits\' => \'0\',\n  \'default\' => \'0\',\n)', 1, '', 12, 1, 0),
(16, 2, 'readgroup', '访问权限', '', 0, 0, 0, '', '', '', 'groupid', 'array (\n  \'inputtype\' => \'checkbox\',\n  \'fieldtype\' => \'tinyint\',\n  \'labelwidth\' => \'85\',\n  \'default\' => \'\',\n)', 1, '', 13, 1, 1),
(17, 2, 'posid', '推荐位', '', 0, 0, 0, 'defaul', '', 'posid', 'posid', '', 1, '', 14, 1, 1),
(18, 2, 'template', '模板', '', 0, 0, 0, '', '', '', 'template', '', 1, '', 15, 1, 1),
(19, 2, 'status', '状态', '', 0, 0, 0, 'defaul', '', 'status', 'radio', 'array (\n  \'options\' => \'发布|1\n定时发布|2\',\n  \'fieldtype\' => \'varchar\',\n  \'numbertype\' => \'1\',\n  \'default\' => \'1\',\n)', 1, '', 7, 1, 1),
(20, 3, 'catid', '栏目', '', 1, 1, 6, '', '必须选择一个栏目', '', 'catid', '', 1, '', 1, 1, 1),
(21, 3, 'title', '标题', '', 1, 1, 80, 'defaul', '标题必须为1-80个字符', '', 'title', 'array (\n  \'thumb\' => \'0\',\n  \'style\' => \'0\',\n)', 1, '', 2, 1, 1),
(22, 3, 'keywords', '关键词', '', 0, 0, 80, '', '', '', 'text', 'array (\n  \'size\' => \'55\',\n  \'default\' => \'\',\n  \'ispassword\' => \'0\',\n  \'fieldtype\' => \'varchar\',\n)', 1, '', 3, 1, 1),
(23, 3, 'description', 'SEO简介', '', 0, 0, 0, '', '', '', 'textarea', 'array (\n  \'fieldtype\' => \'mediumtext\',\n  \'rows\' => \'4\',\n  \'cols\' => \'55\',\n  \'default\' => \'\',\n)', 1, '', 4, 1, 1),
(24, 3, 'content', '内容', '', 0, 0, 0, 'defaul', '', 'content', 'editor', 'array (\n  \'edittype\' => \'layedit\',\n)', 1, '', 7, 1, 1),
(25, 3, 'createtime', '发布时间', '', 1, 0, 0, 'date', '', '', 'datetime', '', 1, '', 8, 1, 1),
(26, 3, 'recommend', '允许评论', '', 0, 0, 1, '', '', '', 'radio', 'array (\n  \'options\' => \'允许评论|1\r\n不允许评论|0\',\n  \'fieldtype\' => \'tinyint\',\n  \'numbertype\' => \'1\',\n  \'labelwidth\' => \'\',\n  \'default\' => \'\',\n)', 1, '', 10, 0, 0),
(27, 3, 'readpoint', '阅读收费', '', 0, 0, 5, '', '', '', 'number', 'array (\n  \'size\' => \'5\',\n  \'numbertype\' => \'1\',\n  \'decimaldigits\' => \'0\',\n  \'default\' => \'0\',\n)', 1, '', 11, 0, 0),
(28, 3, 'hits', '点击次数', '', 0, 0, 8, '', '', '', 'number', 'array (\n  \'size\' => \'10\',\n  \'numbertype\' => \'1\',\n  \'decimaldigits\' => \'0\',\n  \'default\' => \'0\',\n)', 1, '', 12, 0, 0),
(29, 3, 'readgroup', '访问权限', '', 0, 0, 0, '', '', '', 'groupid', 'array (\n  \'inputtype\' => \'checkbox\',\n  \'fieldtype\' => \'tinyint\',\n  \'labelwidth\' => \'85\',\n  \'default\' => \'\',\n)', 1, '', 13, 0, 1),
(30, 3, 'posid', '推荐位', '', 0, 0, 0, '', '', '', 'posid', '', 1, '', 14, 1, 1),
(31, 3, 'template', '模板', '', 0, 0, 0, '', '', '', 'template', '', 1, '', 15, 1, 1),
(32, 3, 'status', '状态', '', 0, 0, 0, '', '', '', 'radio', 'array (\n  \'options\' => \'发布|1\r\n定时发布|0\',\n  \'fieldtype\' => \'tinyint\',\n  \'numbertype\' => \'1\',\n  \'labelwidth\' => \'75\',\n  \'default\' => \'1\',\n)', 1, '', 9, 1, 1),
(33, 3, 'pic', '图片', '', 1, 0, 0, 'defaul', '', 'pic', 'image', '', 0, '', 5, 1, 0),
(34, 3, 'group', '类型', '', 1, 0, 0, 'defaul', '', 'group', 'select', 'array (\n  \'options\' => \'模型管理|1\n分类管理|2\n内容管理|3\',\n  \'multiple\' => \'0\',\n  \'fieldtype\' => \'varchar\',\n  \'numbertype\' => \'1\',\n  \'size\' => \'\',\n  \'default\' => \'\',\n)', 0, '', 6, 1, 0),
(35, 4, 'catid', '栏目', '', 1, 1, 6, '', '必须选择一个栏目', '', 'catid', '', 1, '', 1, 1, 1),
(36, 4, 'title', '标题', '', 1, 1, 80, '', '标题必须为1-80个字符', '', 'title', 'array (\n  \'thumb\' => \'1\',\n  \'style\' => \'1\',\n  \'size\' => \'55\',\n)', 1, '', 2, 1, 1),
(37, 4, 'keywords', '关键词', '', 0, 0, 80, '', '', '', 'text', 'array (\n  \'size\' => \'55\',\n  \'default\' => \'\',\n  \'ispassword\' => \'0\',\n  \'fieldtype\' => \'varchar\',\n)', 1, '', 3, 1, 1),
(38, 4, 'description', 'SEO简介', '', 0, 0, 0, '', '', '', 'textarea', 'array (\n  \'fieldtype\' => \'mediumtext\',\n  \'rows\' => \'4\',\n  \'cols\' => \'55\',\n  \'default\' => \'\',\n)', 1, '', 4, 1, 1),
(39, 4, 'content', '内容', '', 0, 0, 0, 'defaul', '', 'content', 'editor', 'array (\n  \'edittype\' => \'layedit\',\n)', 1, '', 8, 1, 1),
(40, 4, 'createtime', '发布时间', '', 1, 0, 0, 'date', '', '', 'datetime', '', 1, '', 9, 1, 1),
(41, 4, 'status', '状态', '', 0, 0, 0, '', '', '', 'radio', 'array (\n  \'options\' => \'发布|1\r\n定时发布|0\',\n  \'fieldtype\' => \'tinyint\',\n  \'numbertype\' => \'1\',\n  \'labelwidth\' => \'75\',\n  \'default\' => \'1\',\n)', 1, '', 10, 1, 1),
(42, 4, 'recommend', '允许评论', '', 0, 0, 1, '', '', '', 'radio', 'array (\n  \'options\' => \'允许评论|1\r\n不允许评论|0\',\n  \'fieldtype\' => \'tinyint\',\n  \'numbertype\' => \'1\',\n  \'labelwidth\' => \'\',\n  \'default\' => \'\',\n)', 1, '', 11, 0, 0),
(43, 4, 'readpoint', '阅读收费', '', 0, 0, 5, '', '', '', 'number', 'array (\n  \'size\' => \'5\',\n  \'numbertype\' => \'1\',\n  \'decimaldigits\' => \'0\',\n  \'default\' => \'0\',\n)', 1, '', 12, 0, 0),
(44, 4, 'hits', '点击次数', '', 0, 0, 8, '', '', '', 'number', 'array (\n  \'size\' => \'10\',\n  \'numbertype\' => \'1\',\n  \'decimaldigits\' => \'0\',\n  \'default\' => \'0\',\n)', 1, '', 13, 0, 0),
(45, 4, 'readgroup', '访问权限', '', 0, 0, 0, '', '', '', 'groupid', 'array (\n  \'inputtype\' => \'checkbox\',\n  \'fieldtype\' => \'tinyint\',\n  \'labelwidth\' => \'85\',\n  \'default\' => \'\',\n)', 1, '', 14, 0, 1),
(46, 4, 'posid', '推荐位', '', 0, 0, 0, '', '', '', 'posid', '', 1, '', 15, 1, 1),
(47, 4, 'template', '模板', '', 0, 0, 0, '', '', '', 'template', '', 1, '', 16, 1, 1),
(48, 4, 'price', '价格', '', 1, 0, 0, 'defaul', '', 'price', 'number', 'array (\n  \'size\' => \'\',\n  \'numbertype\' => \'1\',\n  \'decimaldigits\' => \'2\',\n  \'default\' => \'0.00\',\n)', 0, '', 5, 1, 0),
(49, 4, 'xinghao', '型号', '', 0, 0, 0, 'defaul', '', '', 'text', 'array (\n  \'default\' => \'\',\n  \'ispassword\' => \'0\',\n  \'fieldtype\' => \'varchar\',\n)', 0, '', 6, 1, 0),
(50, 4, 'pics', '图组', '', 0, 0, 0, 'defaul', '', 'pics', 'images', '', 0, '', 7, 1, 0),
(51, 5, 'catid', '栏目', '', 1, 1, 6, '', '必须选择一个栏目', '', 'catid', '', 1, '', 1, 1, 1),
(52, 5, 'title', '标题', '', 1, 1, 80, '', '标题必须为1-80个字符', '', 'title', 'array (\n  \'thumb\' => \'1\',\n  \'style\' => \'1\',\n  \'size\' => \'55\',\n)', 1, '', 2, 1, 1),
(53, 5, 'keywords', '关键词', '', 0, 0, 80, '', '', '', 'text', 'array (\n  \'size\' => \'55\',\n  \'default\' => \'\',\n  \'ispassword\' => \'0\',\n  \'fieldtype\' => \'varchar\',\n)', 1, '', 3, 1, 1),
(54, 5, 'description', 'SEO简介', '', 0, 0, 0, '', '', '', 'textarea', 'array (\n  \'fieldtype\' => \'mediumtext\',\n  \'rows\' => \'4\',\n  \'cols\' => \'55\',\n  \'default\' => \'\',\n)', 1, '', 4, 1, 1),
(55, 5, 'content', '内容', '', 0, 0, 0, 'defaul', '', 'content', 'editor', 'array (\n  \'edittype\' => \'layedit\',\n)', 1, '', 9, 1, 1),
(56, 5, 'createtime', '发布时间', '', 1, 0, 0, 'date', '', 'createtime', 'datetime', '', 1, '', 10, 1, 1),
(57, 5, 'status', '状态', '', 0, 0, 0, '', '', '', 'radio', 'array (\n  \'options\' => \'发布|1\r\n定时发布|0\',\n  \'fieldtype\' => \'tinyint\',\n  \'numbertype\' => \'1\',\n  \'labelwidth\' => \'75\',\n  \'default\' => \'1\',\n)', 1, '', 11, 1, 1),
(58, 5, 'recommend', '允许评论', '', 0, 0, 1, '', '', '', 'radio', 'array (\n  \'options\' => \'允许评论|1\r\n不允许评论|0\',\n  \'fieldtype\' => \'tinyint\',\n  \'numbertype\' => \'1\',\n  \'labelwidth\' => \'\',\n  \'default\' => \'\',\n)', 1, '', 12, 0, 0),
(59, 5, 'readpoint', '阅读收费', '', 0, 0, 5, '', '', '', 'number', 'array (\n  \'size\' => \'5\',\n  \'numbertype\' => \'1\',\n  \'decimaldigits\' => \'0\',\n  \'default\' => \'0\',\n)', 1, '', 13, 0, 0),
(60, 5, 'hits', '点击次数', '', 0, 0, 8, '', '', '', 'number', 'array (\n  \'size\' => \'10\',\n  \'numbertype\' => \'1\',\n  \'decimaldigits\' => \'0\',\n  \'default\' => \'0\',\n)', 1, '', 14, 0, 0),
(61, 5, 'readgroup', '访问权限', '', 0, 0, 0, '', '', '', 'groupid', 'array (\n  \'inputtype\' => \'checkbox\',\n  \'fieldtype\' => \'tinyint\',\n  \'labelwidth\' => \'85\',\n  \'default\' => \'\',\n)', 1, '', 15, 0, 1),
(62, 5, 'posid', '推荐位', '', 0, 0, 0, '', '', '', 'posid', '', 1, '', 16, 1, 1),
(63, 5, 'template', '模板', '', 0, 0, 0, '', '', '', 'template', '', 1, '', 17, 1, 1),
(64, 5, 'files', '上传文件', '', 0, 0, 0, 'defaul', '', 'files', 'file', 'array (\n  \'upload_allowext\' => \'zip,rar,doc,ppt\',\n)', 0, '', 5, 1, 0),
(65, 5, 'ext', '文档类型', '', 0, 0, 0, 'defaul', '', 'ext', 'text', 'array (\n  \'default\' => \'zip\',\n  \'ispassword\' => \'0\',\n  \'fieldtype\' => \'varchar\',\n)', 0, '', 6, 1, 0),
(66, 5, 'size', '文档大小', '', 0, 0, 0, 'defaul', '', 'size', 'text', 'array (\n  \'default\' => \'\',\n  \'ispassword\' => \'0\',\n  \'fieldtype\' => \'varchar\',\n)', 0, '', 7, 1, 0),
(67, 5, 'downs', '下载次数', '', 0, 0, 0, 'defaul', '', '', 'number', 'array (\n  \'size\' => \'\',\n  \'numbertype\' => \'1\',\n  \'decimaldigits\' => \'0\',\n  \'default\' => \'\',\n)', 0, '', 8, 1, 0),
(68, 6, 'title', '标题', '', 1, 1, 80, '', '标题必须为1-80个字符', '', 'title', 'array (\n  \'thumb\' => \'1\',\n  \'style\' => \'1\',\n  \'size\' => \'55\',\n)', 1, '', 2, 1, 1),
(69, 6, 'hits', '点击次数', '', 0, 0, 8, '', '', '', 'number', 'array (\n  \'size\' => \'10\',\n  \'numbertype\' => \'1\',\n  \'decimaldigits\' => \'0\',\n  \'default\' => \'0\',\n)', 1, '', 6, 0, 0),
(70, 6, 'createtime', '发布时间', '', 1, 0, 0, 'date', '', '', 'datetime', '', 1, '', 4, 1, 1),
(71, 6, 'template', '模板', '', 0, 0, 0, '', '', '', 'template', '', 1, '', 7, 1, 1),
(72, 6, 'status', '状态', '', 0, 0, 0, '', '', '', 'radio', 'array (\n  \'options\' => \'发布|1\r\n定时发布|0\',\n  \'fieldtype\' => \'tinyint\',\n  \'numbertype\' => \'1\',\n  \'labelwidth\' => \'75\',\n  \'default\' => \'1\',\n)', 1, '', 5, 1, 1),
(73, 6, 'catid', '分类', '', 1, 0, 0, 'defaul', '', 'catid', 'catid', '', 0, '', 1, 1, 0),
(74, 6, 'info', '简介', '', 1, 0, 0, 'defaul', '', 'info', 'editor', 'array (\n  \'edittype\' => \'layedit\',\n)', 0, '', 3, 1, 0),
(75, 2, 'copyfrom', '来源', '', 0, 0, 0, 'defaul', '', 'copyfrom', 'text', 'array (\n  \'default\' => \'CLTPHP\',\n  \'ispassword\' => \'0\',\n  \'fieldtype\' => \'varchar\',\n)', 0, '', 8, 1, 0),
(76, 2, 'fromlink', '来源网址', '', 0, 0, 0, 'defaul', '', 'fromlink', 'text', 'array (\n  \'default\' => \'http://www.cltphp.com/\',\n  \'ispassword\' => \'0\',\n  \'fieldtype\' => \'varchar\',\n)', 0, '', 9, 1, 0),
(160, 2, 'tags', '标签', '', 1, 0, 0, 'defaul', '', 'tags', 'text', 'array (\n  \'default\' => \'\',\n  \'ispassword\' => \'0\',\n  \'fieldtype\' => \'varchar\',\n)', 0, '', 5, 1, 0);

-- --------------------------------------------------------

--
-- 表的结构 `front_config`
--

CREATE TABLE `front_config` (
  `id` int(11) NOT NULL,
  `name` varchar(255) DEFAULT NULL,
  `content` text,
  `create_time` int(11) DEFAULT NULL
) ENGINE=InnoDB DEFAULT CHARSET=utf8 COMMENT='前台小程序配置';

--
-- 转存表中的数据 `front_config`
--

INSERT INTO `front_config` (`id`, `name`, `content`, `create_time`) VALUES
(1, 'help', '<p>完善中，敬请期待</p>', 2147483647);

-- --------------------------------------------------------

--
-- 表的结构 `module`
--

CREATE TABLE `module` (
  `id` tinyint(3) UNSIGNED NOT NULL,
  `title` varchar(100) NOT NULL DEFAULT '',
  `name` varchar(50) NOT NULL DEFAULT '',
  `description` varchar(200) NOT NULL DEFAULT '',
  `type` tinyint(1) UNSIGNED NOT NULL DEFAULT '0',
  `issystem` tinyint(1) UNSIGNED NOT NULL DEFAULT '0',
  `listfields` varchar(255) NOT NULL DEFAULT '',
  `sort` smallint(3) UNSIGNED NOT NULL DEFAULT '0',
  `status` tinyint(1) UNSIGNED NOT NULL DEFAULT '1'
) ENGINE=MyISAM DEFAULT CHARSET=utf8 ROW_FORMAT=DYNAMIC;

--
-- 转存表中的数据 `module`
--

INSERT INTO `module` (`id`, `title`, `name`, `description`, `type`, `issystem`, `listfields`, `sort`, `status`) VALUES
(1, '单页模型', 'page', '单页面', 1, 0, '*', 0, 1),
(2, '文章模型', 'article', '新闻文章', 1, 0, '*', 0, 1),
(3, '图片模型', 'picture', '图片展示', 1, 0, '*', 0, 1),
(4, '产品模型', 'product', '产品展示', 1, 0, '*', 0, 1),
(5, '下载模型', 'download', '文件下载', 1, 0, '*', 0, 1),
(6, '团队模型', 'team', '员工展示', 1, 0, '*', 0, 1);

-- --------------------------------------------------------

--
-- 表的结构 `posid`
--

CREATE TABLE `posid` (
  `id` tinyint(2) UNSIGNED NOT NULL,
  `name` varchar(40) NOT NULL DEFAULT '',
  `sort` tinyint(2) UNSIGNED NOT NULL
) ENGINE=MyISAM DEFAULT CHARSET=utf8 ROW_FORMAT=DYNAMIC;

--
-- 转存表中的数据 `posid`
--

INSERT INTO `posid` (`id`, `name`, `sort`) VALUES
(1, '首页推荐', 0),
(2, '当前分类推荐', 0);

-- --------------------------------------------------------

--
-- 表的结构 `siging_users`
--

CREATE TABLE `siging_users` (
  `user_id` int(11) NOT NULL,
  `userName` varchar(255) DEFAULT NULL COMMENT '用户名',
  `pic` varchar(1000) DEFAULT NULL COMMENT '用户头像',
  `status` int(11) DEFAULT '1' COMMENT '状态： 1k开启/2关闭',
  `create_time` int(11) DEFAULT NULL COMMENT '创建时间',
  `openid` varchar(255) DEFAULT NULL COMMENT 'openid',
  `session_key` varchar(255) DEFAULT NULL COMMENT 'session_key'
) ENGINE=MyISAM DEFAULT CHARSET=utf8mb4 COMMENT='用户表';

--
-- 转存表中的数据 `siging_users`
--

INSERT INTO `siging_users` (`user_id`, `userName`, `pic`, `status`, `create_time`, `openid`, `session_key`) VALUES
(24, 'haijiang.', 'https://wx.qlogo.cn/mmopen/vi_32/Q0j4TwGTfTKzeMZtrTVx6dncL7wXkzack5LTDkAzzeAgf6fUo9T6f3tE1BFw88uqwau85qbEAIbCDpNkpFOJCg/132', 1, 1591002329, 'oXt3N4ly9BfLuv_CiWQExAEmXdQ8', NULL),
(7, '有个天想和你聊', 'https://wx.qlogo.cn/mmopen/vi_32/Q0j4TwGTfTIbFFwlKCGmZRtoUlS0rnzrIfK0WdTzmicYmG96PL3Z3CSTThicaROZIlYcdibIM5mPhuNvv55Z3TJQg/132', 1, 1588252593, NULL, NULL),
(19, 'print( `对方正在讲话...`);', 'https://wx.qlogo.cn/mmopen/vi_32/aEe6usCKSYahmgK7sOZuYrcsXEH5ejCfCibBCQl4AjV5IrBruojQBHycu6NvfMMr4CRuAYdEAxGVhl7fZib3iaCYQ/132', 1, 1589975928, 'oXt3N4kcER3zEjMvbxdCkZstiRL4', NULL),
(23, '米五的大长腿', 'https://wx.qlogo.cn/mmopen/vi_32/Za4Pewc9Ek44SkxvricYVCdiawhWC1ZbOyOwSwrCFHCzhEt2DssialWPJk1deCyIFm1uJibyYq3wcspJjsdJh7iaEow/132', 1, 1590068633, 'oXt3N4m9tDnSXn6VQ_zfUC5UtOzs', NULL),
(20, NULL, NULL, 1, 1589978611, 'oXt3N4nf6f8R-Otc-VOaVamCTJt0', NULL),
(21, NULL, NULL, 1, 1589978636, 'oXt3N4kd0UmAzUruDUfO1I6ULAO8', NULL),
(22, '余青', 'https://wx.qlogo.cn/mmopen/vi_32/Q0j4TwGTfTLx0mHmJrQnExdKCGjaYQCHQzUibgibS3eNO7vJanUznbCfNJ0aXGJRKuARic9ROEAYzuPYe7GWmR11A/132', 1, 1590059240, 'oXt3N4gUVO26Tvb_S3y4fgA2xocQ', NULL),
(28, NULL, NULL, 1, 1591926185, 'osKsa40vKYtmVYnI3wmKLl2vNL30', NULL),
(25, 'Shinawatra', 'https://wx.qlogo.cn/mmopen/vi_32/XAxTcGFpib3pUSezV2g4AOKV9RuibG8Dic6fKicicnQNbjEWmF9cnJRQqbalaE7AkLPUlwU9x36uVw8k0AtsGKKyWlQ/132', 1, 1591800797, 'osKsa43eL4vLcEm0v-H0qSK81yrI', NULL),
(26, NULL, NULL, 1, 1591800797, 'osKsa47ze5V3iDDvXVT5ug9HhtYc', NULL);

-- --------------------------------------------------------

--
-- 表的结构 `system`
--

CREATE TABLE `system` (
  `id` int(36) UNSIGNED NOT NULL,
  `name` char(36) NOT NULL DEFAULT '' COMMENT '网站名称',
  `domain` varchar(36) NOT NULL DEFAULT '' COMMENT '网址',
  `title` varchar(200) NOT NULL COMMENT '标题',
  `key` varchar(200) NOT NULL COMMENT '关键字',
  `des` varchar(200) NOT NULL COMMENT '描述',
  `bah` varchar(50) DEFAULT NULL COMMENT '备案号',
  `copyright` varchar(30) DEFAULT NULL COMMENT 'copyright',
  `ads` varchar(120) DEFAULT NULL COMMENT '公司地址',
  `tel` varchar(15) DEFAULT NULL COMMENT '公司电话',
  `email` varchar(50) DEFAULT NULL COMMENT '公司邮箱',
  `logo` varchar(120) DEFAULT NULL COMMENT 'logo',
  `mobile` varchar(10) DEFAULT 'open' COMMENT '是否开启手机端 open 开启 close 关闭',
  `code` varchar(10) DEFAULT 'close' COMMENT '是否开启验证码'
) ENGINE=MyISAM DEFAULT CHARSET=utf8 ROW_FORMAT=DYNAMIC;

--
-- 转存表中的数据 `system`
--

INSERT INTO `system` (`id`, `name`, `domain`, `title`, `key`, `des`, `bah`, `copyright`, `ads`, `tel`, `email`, `logo`, `mobile`, `code`) VALUES
(1, '活动管理', 'http://www.3sworld.com', '活动管理', '活动管理', '活动管理', '', '', '', '', '', '/uploads/20190305/0f33002431b9c35ad0c8f6be8834c064.png', 'open', 'open');

-- --------------------------------------------------------

--
-- 表的结构 `sys_module`
--

CREATE TABLE `sys_module` (
  `sys_module_id` int(10) UNSIGNED NOT NULL COMMENT '模块id',
  `sys_module_name` varchar(50) CHARACTER SET utf8 NOT NULL COMMENT '模块名',
  `sys_module_table` varchar(20) CHARACTER SET utf8 NOT NULL COMMENT '模块表',
  `sys_module_detail` varchar(255) CHARACTER SET utf8 NOT NULL COMMENT '模块应用描述简介',
  `sys_module_add` varchar(20) CHARACTER SET utf8 DEFAULT NULL COMMENT '创建时间',
  `sys_module_uid` int(10) UNSIGNED DEFAULT NULL COMMENT '创建人',
  `sys_module_update` varchar(20) CHARACTER SET utf8 DEFAULT NULL COMMENT '修改时间',
  `sys_module_upuid` int(10) UNSIGNED DEFAULT NULL COMMENT '修改人'
) ENGINE=InnoDB DEFAULT CHARSET=utf8mb4 COMMENT='系统模块表' ROW_FORMAT=COMPACT;

--
-- 转存表中的数据 `sys_module`
--

INSERT INTO `sys_module` (`sys_module_id`, `sys_module_name`, `sys_module_table`, `sys_module_detail`, `sys_module_add`, `sys_module_uid`, `sys_module_update`, `sys_module_upuid`) VALUES
(1, 'Users', 'siging_users', '用户管理', '1586574198', 1, NULL, NULL),
(5, 'Member', 'member', '会员管理', '1586574771', 1, NULL, NULL),
(11, 'ServeType', 'ServeType', '服务类型管理', '1588745688', 1, NULL, NULL),
(13, 'serve', 'serve', '服务管理', '1588746588', 1, NULL, NULL),
(14, 'Banner', 'banner', '轮播图管理', '1588747369', 1, NULL, NULL);

-- --------------------------------------------------------

--
-- 表的结构 `sys_view`
--

CREATE TABLE `sys_view` (
  `Sysview_id` int(11) UNSIGNED NOT NULL,
  `name` varchar(100) NOT NULL DEFAULT '默认' COMMENT '系统视图名称',
  `detail` varchar(255) DEFAULT NULL COMMENT '备注',
  `include_code` varchar(500) DEFAULT NULL COMMENT '引入代码'
) ENGINE=InnoDB DEFAULT CHARSET=utf8mb4 COMMENT='系统视图代码生成表' ROW_FORMAT=COMPACT;

--
-- 转存表中的数据 `sys_view`
--

INSERT INTO `sys_view` (`Sysview_id`, `name`, `detail`, `include_code`) VALUES
(2, '1579423132', '老师主视图引入学生视图', '<iframe src=\"/admin/Student/index_student_teacher_id_1579423132?student_teacher_id={$info_array.引入模块id}\" width=\"100%\" height=\"500px\" frameborder=\"0\"></iframe>');

--
-- Indexes for dumped tables
--

--
-- Indexes for table `act_banner`
--
ALTER TABLE `act_banner`
  ADD PRIMARY KEY (`id`);

--
-- Indexes for table `act_collection`
--
ALTER TABLE `act_collection`
  ADD PRIMARY KEY (`id`);

--
-- Indexes for table `act_join`
--
ALTER TABLE `act_join`
  ADD PRIMARY KEY (`id`);

--
-- Indexes for table `act_serve`
--
ALTER TABLE `act_serve`
  ADD PRIMARY KEY (`id`),
  ADD KEY `search_serve_type` (`search_serve_type`) USING HASH;

--
-- Indexes for table `act_serve_category`
--
ALTER TABLE `act_serve_category`
  ADD PRIMARY KEY (`id`);

--
-- Indexes for table `act_serve_type`
--
ALTER TABLE `act_serve_type`
  ADD PRIMARY KEY (`id`);

--
-- Indexes for table `act_share`
--
ALTER TABLE `act_share`
  ADD PRIMARY KEY (`id`);

--
-- Indexes for table `admin`
--
ALTER TABLE `admin`
  ADD PRIMARY KEY (`admin_id`) USING BTREE,
  ADD KEY `admin_username` (`username`) USING BTREE;

--
-- Indexes for table `auth_group`
--
ALTER TABLE `auth_group`
  ADD PRIMARY KEY (`group_id`) USING BTREE;

--
-- Indexes for table `auth_rule`
--
ALTER TABLE `auth_rule`
  ADD PRIMARY KEY (`id`) USING BTREE;

--
-- Indexes for table `category`
--
ALTER TABLE `category`
  ADD PRIMARY KEY (`id`) USING BTREE,
  ADD KEY `listorder` (`sort`) USING BTREE,
  ADD KEY `pid` (`pid`) USING BTREE;

--
-- Indexes for table `config`
--
ALTER TABLE `config`
  ADD PRIMARY KEY (`id`) USING BTREE;

--
-- Indexes for table `field`
--
ALTER TABLE `field`
  ADD PRIMARY KEY (`id`) USING BTREE;

--
-- Indexes for table `front_config`
--
ALTER TABLE `front_config`
  ADD PRIMARY KEY (`id`);

--
-- Indexes for table `module`
--
ALTER TABLE `module`
  ADD PRIMARY KEY (`id`) USING BTREE;

--
-- Indexes for table `posid`
--
ALTER TABLE `posid`
  ADD PRIMARY KEY (`id`) USING BTREE;

--
-- Indexes for table `siging_users`
--
ALTER TABLE `siging_users`
  ADD PRIMARY KEY (`user_id`);

--
-- Indexes for table `system`
--
ALTER TABLE `system`
  ADD PRIMARY KEY (`id`) USING BTREE;

--
-- Indexes for table `sys_module`
--
ALTER TABLE `sys_module`
  ADD PRIMARY KEY (`sys_module_id`) USING BTREE;

--
-- Indexes for table `sys_view`
--
ALTER TABLE `sys_view`
  ADD PRIMARY KEY (`Sysview_id`) USING BTREE;

--
-- 在导出的表使用AUTO_INCREMENT
--

--
-- 使用表AUTO_INCREMENT `act_banner`
--
ALTER TABLE `act_banner`
  MODIFY `id` int(11) NOT NULL AUTO_INCREMENT, AUTO_INCREMENT=3;

--
-- 使用表AUTO_INCREMENT `act_collection`
--
ALTER TABLE `act_collection`
  MODIFY `id` int(11) NOT NULL AUTO_INCREMENT, AUTO_INCREMENT=80;

--
-- 使用表AUTO_INCREMENT `act_join`
--
ALTER TABLE `act_join`
  MODIFY `id` int(11) NOT NULL AUTO_INCREMENT, AUTO_INCREMENT=25;

--
-- 使用表AUTO_INCREMENT `act_serve`
--
ALTER TABLE `act_serve`
  MODIFY `id` int(11) NOT NULL AUTO_INCREMENT, AUTO_INCREMENT=63;

--
-- 使用表AUTO_INCREMENT `act_serve_category`
--
ALTER TABLE `act_serve_category`
  MODIFY `id` int(11) NOT NULL AUTO_INCREMENT, AUTO_INCREMENT=10;

--
-- 使用表AUTO_INCREMENT `act_serve_type`
--
ALTER TABLE `act_serve_type`
  MODIFY `id` int(11) NOT NULL AUTO_INCREMENT, AUTO_INCREMENT=7;

--
-- 使用表AUTO_INCREMENT `act_share`
--
ALTER TABLE `act_share`
  MODIFY `id` int(11) NOT NULL AUTO_INCREMENT, AUTO_INCREMENT=44;

--
-- 使用表AUTO_INCREMENT `admin`
--
ALTER TABLE `admin`
  MODIFY `admin_id` tinyint(4) NOT NULL AUTO_INCREMENT COMMENT '管理员ID', AUTO_INCREMENT=14;

--
-- 使用表AUTO_INCREMENT `auth_group`
--
ALTER TABLE `auth_group`
  MODIFY `group_id` mediumint(8) UNSIGNED NOT NULL AUTO_INCREMENT COMMENT '全新ID', AUTO_INCREMENT=5;

--
-- 使用表AUTO_INCREMENT `auth_rule`
--
ALTER TABLE `auth_rule`
  MODIFY `id` mediumint(8) UNSIGNED NOT NULL AUTO_INCREMENT, AUTO_INCREMENT=648;

--
-- 使用表AUTO_INCREMENT `category`
--
ALTER TABLE `category`
  MODIFY `id` smallint(5) UNSIGNED NOT NULL AUTO_INCREMENT, AUTO_INCREMENT=34;

--
-- 使用表AUTO_INCREMENT `config`
--
ALTER TABLE `config`
  MODIFY `id` smallint(6) UNSIGNED NOT NULL AUTO_INCREMENT COMMENT '表id', AUTO_INCREMENT=90;

--
-- 使用表AUTO_INCREMENT `field`
--
ALTER TABLE `field`
  MODIFY `id` smallint(5) UNSIGNED NOT NULL AUTO_INCREMENT, AUTO_INCREMENT=161;

--
-- 使用表AUTO_INCREMENT `front_config`
--
ALTER TABLE `front_config`
  MODIFY `id` int(11) NOT NULL AUTO_INCREMENT, AUTO_INCREMENT=2;

--
-- 使用表AUTO_INCREMENT `module`
--
ALTER TABLE `module`
  MODIFY `id` tinyint(3) UNSIGNED NOT NULL AUTO_INCREMENT, AUTO_INCREMENT=24;

--
-- 使用表AUTO_INCREMENT `posid`
--
ALTER TABLE `posid`
  MODIFY `id` tinyint(2) UNSIGNED NOT NULL AUTO_INCREMENT, AUTO_INCREMENT=5;

--
-- 使用表AUTO_INCREMENT `siging_users`
--
ALTER TABLE `siging_users`
  MODIFY `user_id` int(11) NOT NULL AUTO_INCREMENT, AUTO_INCREMENT=29;

--
-- 使用表AUTO_INCREMENT `sys_module`
--
ALTER TABLE `sys_module`
  MODIFY `sys_module_id` int(10) UNSIGNED NOT NULL AUTO_INCREMENT COMMENT '模块id', AUTO_INCREMENT=15;

--
-- 使用表AUTO_INCREMENT `sys_view`
--
ALTER TABLE `sys_view`
  MODIFY `Sysview_id` int(11) UNSIGNED NOT NULL AUTO_INCREMENT, AUTO_INCREMENT=3;
COMMIT;

/*!40101 SET CHARACTER_SET_CLIENT=@OLD_CHARACTER_SET_CLIENT */;
/*!40101 SET CHARACTER_SET_RESULTS=@OLD_CHARACTER_SET_RESULTS */;
/*!40101 SET COLLATION_CONNECTION=@OLD_COLLATION_CONNECTION */;
